EVENT_ID,CZ_NAME_STR,BEGIN_LOCATION,BEGIN_DATE,BEGIN_TIME,EVENT_TYPE,MAGNITUDE,TOR_F_SCALE,DEATHS_DIRECT,INJURIES_DIRECT,DAMAGE_PROPERTY_NUM,DAMAGE_CROPS_NUM,STATE_ABBR,CZ_TIMEZONE,MAGNITUDE_TYPE,EPISODE_ID,CZ_TYPE,CZ_FIPS,WFO,INJURIES_INDIRECT,DEATHS_INDIRECT,SOURCE,FLOOD_CAUSE,TOR_LENGTH,TOR_WIDTH,BEGIN_RANGE,BEGIN_AZIMUTH,END_RANGE,END_AZIMUTH,END_LOCATION,END_DATE,END_TIME,BEGIN_LAT,BEGIN_LON,END_LAT,END_LON,EVENT_NARRATIVE,EPISODE_NARRATIVE,ABSOLUTE_ROWNUMBER
10146962,GRANT CO., ,11/07/1979,1700,Thunderstorm Wind,0, ,0,0,0,0,WI,CST, , ,C,43,ATA,0,0, , ,0,0,0, ,0, , ,11/07/1979,1700,43.17,-90.63, , ,"","",1
10131167,LUBBOCK CO., ,11/08/1979,1347,Tornado,0,F0,0,0,30,0,TX,CST, , ,C,303, ,0,0, , ,5.1,17,0, ,0, , ,11/08/1979,1347,33.57,-102.05,33.58,-101.97,"","",2
10131168,GRAYSON CO., ,11/08/1979,2150,Hail,.75, ,0,0,0,0,TX,CST, , ,C,181,MT,0,0, , ,0,0,0, ,0, , ,11/08/1979,2150,33.63,-96.57, , ,"","",3
10060594,PANOLA CO., ,11/09/1979,600,Thunderstorm Wind,0, ,0,0,0,0,MS,CST, , ,C,107,ATA,0,0, , ,0,0,0, ,0, , ,11/09/1979,600,34.32,-89.95, , ,"","",4
10060595,MARSHALL CO., ,11/09/1979,600,Thunderstorm Wind,0, ,0,0,0,0,MS,CST, , ,C,93,ATA,0,0, , ,0,0,0, ,0, , ,11/09/1979,600,34.80,-89.45, , ,"","",5
9976630,JEFFERSON CO., ,11/09/1979,1343,Tornado,0,F1,0,0,25000,0,AL,CST, , ,C,73, ,0,0, , ,.5,27,0, ,0, , ,11/09/1979,1343,33.55,-86.75, , ,"","",6
10060596,HARRISON CO., ,11/10/1979,105,Thunderstorm Wind,0, ,0,0,0,0,MS,CST, , ,C,47,NG,0,0, , ,0,0,0, ,0, , ,11/10/1979,105,30.58,-89.28, , ,"","",7
9994486,TIFT CO., ,11/10/1979,1300,Tornado,0,F1,0,0,250000,0,GA,CST, , ,C,277, ,0,0, , ,5.1,50,0, ,0, , ,11/10/1979,1300,31.32,-83.62,31.38,-83.58,"","",8
9994487,THOMAS CO., ,11/11/1979,715,Tornado,0,F2,0,0,2500000,0,GA,CST, , ,C,275, ,0,0, , ,.1,50,0, ,0, , ,11/11/1979,715,30.78,-83.78, , ,"","",9
10001869,JEFFERSON CO., ,11/11/1979,800,Tornado,0,F1,0,0,25000,0,FL,CST, , ,C,65, ,0,0, , ,.3,30,0, ,0, , ,11/11/1979,800,30.63,-83.92, , ,"","",10
10131169,ANDERSON CO., ,11/19/1979,1730,Thunderstorm Wind,0, ,0,0,0,0,TX,CST, , ,C,1,NG,0,0, , ,0,0,0, ,0, , ,11/19/1979,1730,31.75,-95.63, , ,"","",11
10131170,ANDERSON CO., ,11/19/1979,1740,Hail,1.00, ,0,0,0,0,TX,CST, , ,C,1,MT,0,0, , ,0,0,0, ,0, , ,11/19/1979,1740,31.75,-95.63, , ,"","",12
10131171,SMITH CO., ,11/19/1979,1815,Thunderstorm Wind,0, ,0,0,0,0,TX,CST, , ,C,423,ATA,0,0, , ,0,0,0, ,0, , ,11/19/1979,1815,32.13,-95.42, , ,"","",13
10131172,SMITH CO., ,11/19/1979,1830,Hail,1.75, ,0,0,0,0,TX,CST, , ,C,423,ATA,0,0, , ,0,0,0, ,0, , ,11/19/1979,1830,32.35,-95.30, , ,"","",14
10131173,DALLAS CO., ,11/19/1979,2200,Hail,1.00, ,0,0,0,0,TX,CST, , ,C,113,ATA,0,0, , ,0,0,0, ,0, , ,11/19/1979,2200,32.82,-96.92, , ,"","",15
10105978,CANADIAN CO., ,11/20/1979,1420,Tornado,0,F1,0,0,25000,0,OK,CST, , ,C,17, ,0,0, , ,.2,27,0, ,0, , ,11/20/1979,1420,35.47,-97.90, , ,"","",16
10105979,NOBLE CO., ,11/20/1979,1500,Thunderstorm Wind,0, ,0,0,0,0,OK,CST, , ,C,103,ATA,0,0, , ,0,0,0, ,0, , ,11/20/1979,1500,36.30,-97.28, , ,"","",17
10105980,SEMINOLE CO., ,11/20/1979,1813,Thunderstorm Wind,0, ,0,0,0,0,OK,CST, , ,C,133,ATA,0,0, , ,0,0,0, ,0, , ,11/20/1979,1813,35.15,-96.42, , ,"","",18
10105981,CARTER CO., ,11/20/1979,2230,Thunderstorm Wind,0, ,0,0,0,0,OK,CST, , ,C,19,ATA,0,0, , ,0,0,0, ,0, , ,11/20/1979,2230,34.17,-97.42, , ,"","",19
10105982,MARSHALL CO., ,11/21/1979,130,Thunderstorm Wind,0, ,0,0,0,0,OK,CST, , ,C,95,ATA,0,0, , ,0,0,0, ,0, , ,11/21/1979,130,34.08,-96.77, , ,"","",20
10105983,PONTOTOC CO., ,11/21/1979,153,Thunderstorm Wind,0, ,0,0,0,0,OK,CST, , ,C,123,ATA,0,0, , ,0,0,0, ,0, , ,11/21/1979,153,34.82,-96.67, , ,"","",21
10131174,ANGELINA CO., ,11/21/1979,700,Tornado,0,F1,0,0,25000,0,TX,CST, , ,C,5, ,0,0, , ,6.2,100,0, ,0, , ,11/21/1979,700,31.40,-94.80,31.47,-94.73,"","",22
10131175,NACOGDOCHES CO., ,11/21/1979,800,Tornado,0,F1,0,0,25000,0,TX,CST, , ,C,347, ,0,0, , ,2,77,0, ,0, , ,11/21/1979,800,31.60,-94.58, , ,"","",23
9976631,CLARKE CO., ,11/25/1979,940,Tornado,0,F2,0,2,250000,0,AL,CST, , ,C,25, ,0,0, , ,28.6,300,0, ,0, , ,11/25/1979,940,31.62,-88.02,32.00,-87.83,"","",24
10001870,ESCAMBIA CO., ,11/25/1979,1054,Tornado,0,F1,0,0,25000,0,FL,CST, , ,C,33, ,0,0, , ,0,33,0, ,0, , ,11/25/1979,1054,30.88,-87.50, , ,"","",25
9976632,CONECUH CO., ,11/25/1979,1100,Tornado,0,F0,0,0,2500,0,AL,CST, , ,C,35, ,0,0, , ,.1,17,0, ,0, , ,11/25/1979,1100,31.27,-87.20, , ,"","",26
9977492,WILCOX CO., ,11/25/1979,1120,Thunderstorm Wind,0, ,0,0,0,0,AL,CST, , ,C,131,ATA,0,0, , ,0,0,0, ,0, , ,11/25/1979,1120,32.10,-87.37, , ,"","",27
9976633,CONECUH CO., ,11/25/1979,1120,Tornado,0,F1,0,0,25000,0,AL,CST, , ,C,35, ,0,0, , ,5.6,30,0, ,0, , ,11/25/1979,1120,31.42,-87.03,31.47,-87.10,"","",28
9977706,DALLAS CO., ,11/25/1979,1130,Tornado,0,F0,0,0,0,0,AL,CST, , ,C,47, ,0,0, , ,.1,50,0, ,0, , ,11/25/1979,1130,32.17,-86.92, , ,"","",29
9977707,BUTLER CO., ,11/25/1979,1210,Tornado,0,F2,0,0,25000,0,AL,CST, , ,C,13, ,0,0, , ,9.4,50,0, ,0, , ,11/25/1979,1210,31.87,-86.67,31.98,-86.58,"","",30
9977708,LOWNDES CO., ,11/25/1979,1220,Tornado,0,F2,0,12,25000,0,AL,CST, , ,C,85, ,0,0, , ,13.5,50,0, ,0, , ,11/25/1979,1220,31.98,-86.58,32.17,-86.50,"","",31
9977709,MONTGOMERY CO., ,11/25/1979,1250,Tornado,0,F3,0,20,2500000,0,AL,CST, , ,C,101, ,0,0, , ,8.3,150,0, ,0, , ,11/25/1979,1250,32.38,-86.25,32.50,-86.23,"","",32
9977710,ELMORE CO., ,11/25/1979,1300,Tornado,0,F3,0,0,2500000,0,AL,CST, , ,C,51, ,0,0, , ,1.9,150,0, ,0, , ,11/25/1979,1300,32.50,-86.23,32.52,-86.22,"","",33
9977711,ELMORE CO., ,11/25/1979,1350,Tornado,0,F2,0,0,250000,0,AL,CST, , ,C,51, ,0,0, , ,1.9,60,0, ,0, , ,11/25/1979,1350,32.72,-85.92,32.73,-85.90,"","",34
9977712,TALLAPOOSA CO., ,11/25/1979,1350,Thunderstorm Wind,0, ,0,0,0,0,AL,CST, , ,C,123,T,0,0, , ,0,0,0, ,0, , ,11/25/1979,1350,32.83,-85.75, , ,"","",35
9977713,TALLAPOOSA CO., ,11/25/1979,1352,Tornado,0,F2,0,2,250000,0,AL,CST, , ,C,123, ,0,0, , ,25,60,0, ,0, , ,11/25/1979,1352,32.73,-85.90,33.07,-85.73,"","",36
9977714,CHAMBERS CO., ,11/25/1979,1600,Thunderstorm Wind,0, ,0,0,0,0,AL,CST, , ,C,17,T,0,0, , ,0,0,0, ,0, , ,11/25/1979,1600,32.90,-85.38, , ,"","",37
10125487,WILSON CO., ,11/25/1979,1600,Thunderstorm Wind,0, ,0,0,0,0,TN,CST, , ,C,189,ATA,0,0, , ,0,0,0, ,0, , ,11/25/1979,1600,36.22,-86.30, , ,"","",38
9994488,COBB CO., ,11/25/1979,1625,Tornado,0,F1,0,0,250000,0,GA,CST, , ,C,67, ,0,0, , ,1,50,0, ,0, , ,11/25/1979,1625,34.02,-84.62, , ,"","",39
10017301,DELAWARE CO., ,11/25/1979,2200,Thunderstorm Wind,0, ,0,0,0,0,IN,CST, , ,C,35,ATA,0,0, , ,0,0,0, ,0, , ,11/25/1979,2200,40.18,-85.40, , ,"","",40
10017302,WAYNE CO., ,11/25/1979,2300,Thunderstorm Wind,0, ,0,0,0,0,IN,CST, , ,C,177,ATA,0,0, , ,0,0,0, ,0, , ,11/25/1979,2300,39.83,-84.90, , ,"","",41
10114765,ERIE CO., ,11/26/1979,325,Thunderstorm Wind,51, ,0,0,0,0,PA,CST, , ,C,49,MT,0,0, , ,0,0,0, ,0, , ,11/26/1979,325,42.08,-80.18, , ,"","",42
10017303,DELAWARE CO., ,11/26/1979,600,Thunderstorm Wind,0, ,0,0,0,0,IN,CST, , ,C,35,ATA,0,0, , ,0,0,0, ,0, , ,11/26/1979,600,40.18,-85.40, , ,"","",43
10114766,PHILADELPHIA CO., ,11/26/1979,958,Thunderstorm Wind,52, ,0,0,0,0,PA,CST, , ,C,101,ATA,0,0, , ,0,0,0, ,0, , ,11/26/1979,958,39.88,-75.23, , ,"","",44
10114767,BRADFORD CO., ,11/26/1979,1000,Thunderstorm Wind,52, ,0,0,0,0,PA,CST, , ,C,15,ATA,0,0, , ,0,0,0, ,0, , ,11/26/1979,1000,41.98,-76.53, , ,"","",45
10114768,LEBANON CO., ,11/26/1979,1500,Tornado,0,F0,0,0,2500,0,PA,CST, , ,C,75, ,0,0, , ,.3,50,0, ,0, , ,11/26/1979,1500,40.35,-76.38, , ,"","",46
10114769,LANCASTER CO., ,11/26/1979,1500,Tornado,0,F1,0,0,25000,0,PA,CST, , ,C,71, ,0,0, , ,.2,50,0, ,0, , ,11/26/1979,1500,40.17,-76.30, , ,"","",47
10114770,LANCASTER CO., ,11/26/1979,1500,Thunderstorm Wind,52, ,0,0,0,0,PA,CST, , ,C,71,ATA,0,0, , ,0,0,0, ,0, , ,11/26/1979,1500,40.50,-76.30, , ,"","",48
10153256,RICHMOND (C) CO., ,11/26/1979,1500,Thunderstorm Wind,0, ,0,0,0,0,VA,CST, , ,C,760,NG,0,0, , ,0,0,0, ,0, , ,11/26/1979,1500,37.55,-77.45, , ,"","",49
10042135,HARFORD CO., ,11/26/1979,1530,Thunderstorm Wind,0, ,0,0,0,0,MD,CST, , ,C,25,ATA,0,0, , ,0,0,0, ,0, , ,11/26/1979,1530,39.55,-76.48, , ,"","",50
10114771,BERKS CO., ,11/26/1979,1600,Thunderstorm Wind,60, ,0,0,0,0,PA,CST, , ,C,11,ATA,0,0, , ,0,0,0, ,0, , ,11/26/1979,1600,40.47,-75.98, , ,"","",51
10042136,QUEEN ANNE'S CO., ,11/26/1979,1600,Thunderstorm Wind,0, ,0,0,0,0,MD,CST, , ,C,35,ATA,0,0, , ,0,0,0, ,0, , ,11/26/1979,1600,38.98,-76.17, , ,"","",52
10042137,TALBOT CO., ,11/26/1979,1600,Thunderstorm Wind,0, ,0,0,0,0,MD,CST, , ,C,41,ATA,0,0, , ,0,0,0, ,0, , ,11/26/1979,1600,38.93,-76.08, , ,"","",53
10114772,BUCKS CO., ,11/26/1979,1610,Thunderstorm Wind,62, ,0,0,0,0,PA,CST, , ,C,17,ATA,0,0, , ,0,0,0, ,0, , ,11/26/1979,1610,40.43,-75.42, , ,"","",54
10114773,SCHUYLKILL CO., ,11/26/1979,1615,Tornado,0,F0,0,0,2500,0,PA,CST, , ,C,107, ,0,0, , ,.1,50,0, ,0, , ,11/26/1979,1615,40.70,-75.92, , ,"","",55
10114774,MONTGOMERY CO., ,11/26/1979,1630,Thunderstorm Wind,65, ,0,0,0,0,PA,CST, , ,C,91,ATA,0,0, , ,0,0,0, ,0, , ,11/26/1979,1630,40.18,-75.12, , ,"","",56
10114775,BERKS CO., ,11/26/1979,1630,Thunderstorm Wind,58, ,0,0,0,0,PA,CST, , ,C,11,ATA,0,0, , ,0,0,0, ,0, , ,11/26/1979,1630,40.38,-75.62, , ,"","",57
10081509,CUMBERLAND CO., ,11/26/1979,1830,Tornado,0,F1,0,0,2500,0,NJ,CST, , ,C,11, ,0,0, , ,0,33,0, ,0, , ,11/26/1979,1830,39.52,-75.23, , ,"","",58
10046085,ST. TAMMANY PAR., ,11/28/1979,900,Thunderstorm Wind,0, ,0,0,0,0,LA,CST, , ,C,103,ATA,0,0, , ,0,0,0, ,0, , ,11/28/1979,900,30.53,-90.08, , ,"","",59
10001871,NASSAU CO., ,12/06/1979,1240,Thunderstorm Wind,0, ,0,0,0,0,FL,CST, , ,C,89,MT,0,0, , ,0,0,0, ,0, , ,12/06/1979,1240,30.68,-81.92, , ,"","",60
10046086,CALCASIEU PAR., ,12/23/1979,1830,Thunderstorm Wind,0, ,0,0,0,0,LA,CST, , ,C,19,ATA,0,0, , ,0,0,0, ,0, , ,12/23/1979,1830,30.23,-93.37, , ,"","",61
9981295,BRADLEY CO., ,12/23/1979,1830,Thunderstorm Wind,0, ,0,0,0,0,AR,CST, , ,C,11,RY,0,0, , ,0,0,0, ,0, , ,12/23/1979,1830,33.62,-92.07, , ,"","",62
10046087,OUACHITA PAR., ,12/23/1979,1855,Thunderstorm Wind,0, ,0,0,0,0,LA,CST, , ,C,73,MT,0,0, , ,0,0,0, ,0, , ,12/23/1979,1855,32.43,-92.03, , ,"","",63
9981296,LINCOLN CO., ,12/23/1979,1930,Tornado,0,F1,0,0,250000,0,AR,CST, , ,C,79, ,0,0, , ,2,50,0, ,0, , ,12/23/1979,1930,33.98,-91.57, , ,"","",64
9981297,CHICOT CO., ,12/23/1979,2020,Tornado,0,F1,0,0,25000,0,AR,CST, , ,C,17, ,0,0, , ,.2,37,0, ,0, , ,12/23/1979,2020,33.53,-91.43, , ,"","",65
10046088,ACADIA PAR., ,12/23/1979,2054,Thunderstorm Wind,0, ,0,0,0,0,LA,CST, , ,C,1,ATA,0,0, , ,0,0,0, ,0, , ,12/23/1979,2054,30.22,-92.25, , ,"","",66
10060597,BOLIVAR CO., ,12/23/1979,2104,Thunderstorm Wind,0, ,0,0,0,0,MS,CST, , ,C,11,T,0,0, , ,0,0,0, ,0, , ,12/23/1979,2104,33.95,-90.95, , ,"","",67
10046089,ST. LANDRY PAR., ,12/23/1979,2115,Thunderstorm Wind,0, ,0,0,0,0,LA,CST, , ,C,97,RY,0,0, , ,0,0,0, ,0, , ,12/23/1979,2115,30.30,-92.20, , ,"","",68
10046090,EAST FELICIANA PAR., ,12/23/1979,2130,Thunderstorm Wind,0, ,0,0,0,0,LA,CST, , ,C,37,T,0,0, , ,0,0,0, ,0, , ,12/23/1979,2130,30.93,-90.93, , ,"","",69
10046091,EAST FELICIANA PAR., ,12/23/1979,2130,Thunderstorm Wind,0, ,0,0,0,0,LA,CST, , ,C,37,T,0,0, , ,0,0,0, ,0, , ,12/23/1979,2130,30.83,-91.22, , ,"","",70
10046092,EAST BATON ROUGE PAR., ,12/23/1979,2205,Thunderstorm Wind,0, ,0,0,0,0,LA,CST, , ,C,33,T,0,0, , ,0,0,0, ,0, , ,12/23/1979,2205,30.65,-91.15, , ,"","",71
10060598,MADISON CO., ,12/23/1979,2215,Thunderstorm Wind,0, ,0,0,0,0,MS,CST, , ,C,89,RY,0,0, , ,0,0,0, ,0, , ,12/23/1979,2215,32.55,-89.97, , ,"","",72
10089936,ONSLOW CO., ,12/24/1979,2210,Thunderstorm Wind,63, ,0,0,0,0,NC,CST, , ,C,133,NG,0,0, , ,0,0,0, ,0, , ,12/24/1979,2210,34.75,-77.42, , ,"","",73
10042138,WASHINGTON CO., ,12/25/1979,100,Thunderstorm Wind,0, ,0,0,0,0,MD,CST, , ,C,43,LCO,0,0, , ,0,0,0, ,0, , ,12/25/1979,100,39.72,-77.73, , ,"","",74
10046093,GRANT PAR., ,01/10/1980,2135,Thunderstorm Wind,0, ,0,0,0,0,LA,CST, , ,C,43,ATA,0,0, , ,0,0,0, ,0, , ,01/10/1980,2135,31.47,-92.93, , ,"","",75
10046094,ST. LANDRY PAR., ,01/10/1980,2300,Thunderstorm Wind,0, ,0,0,0,0,LA,CST, , ,C,97,ATA,0,0, , ,0,0,0, ,0, , ,01/10/1980,2300,30.48,-92.42, , ,"","",76
10046095,LA SALLE PAR., ,01/10/1980,2330,Thunderstorm Wind,0, ,0,0,0,0,LA,CST, , ,C,59,ATA,0,0, , ,0,0,0, ,0, , ,01/10/1980,2330,30.20,-91.73, , ,"","",77
10060599,COPIAH CO., ,01/11/1980,30,Thunderstorm Wind,0, ,0,0,0,0,MS,CST, , ,C,29,ATA,0,0, , ,0,0,0, ,0, , ,01/11/1980,30,31.87,-90.40, , ,"","",78
10060600,RANKIN CO., ,01/11/1980,102,Thunderstorm Wind,0, ,0,0,0,0,MS,CST, , ,C,121,T,0,0, , ,0,0,0, ,0, , ,01/11/1980,102,32.13,-90.13, , ,"","",79
10060601,LINCOLN CO., ,01/11/1980,400,Thunderstorm Wind,0, ,0,0,0,0,MS,CST, , ,C,85,T,0,0, , ,0,0,0, ,0, , ,01/11/1980,400,31.38,-90.33, , ,"","",80
10096630,WOOD CO., ,01/11/1980,1245,Tornado,0,F0,0,0,250000,0,OH,CST, , ,C,173, ,0,0, , ,.3,40,0, ,0, , ,01/11/1980,1245,41.57,-83.63, , ,"","",81
10017304,ADAMS CO., ,01/11/1980,1445,Thunderstorm Wind,0, ,0,0,0,0,IN,CST, , ,C,1,ATA,0,0, , ,0,0,0, ,0, , ,01/11/1980,1445,40.83,-84.93, , ,"","",82
10125488,BEDFORD CO., ,01/11/1980,1615,Thunderstorm Wind,50, ,0,0,0,0,TN,CST, , ,C,3,ATA,0,0, , ,0,0,0, ,0, , ,01/11/1980,1615,35.48,-86.47, , ,"","",83
10125489,COFFEE CO., ,01/11/1980,1700,Thunderstorm Wind,0, ,0,0,0,0,TN,CST, , ,C,31,ATA,0,0, , ,0,0,0, ,0, , ,01/11/1980,1700,35.37,-86.23, , ,"","",84
10007840,POWER CO., ,01/12/1980,1720,Thunderstorm Wind,0, ,0,0,0,0,ID,CST, , ,C,77,ATA,0,0, , ,0,0,0, ,0, , ,01/12/1980,1720,42.87,-112.43, , ,"","",85
9991261,YOLO CO., ,01/14/1980,1430,Thunderstorm Wind,0, ,0,0,0,0,CA,CST, , ,C,113,ATA,0,0, , ,0,0,0, ,0, , ,01/14/1980,1430,38.68,-121.77, , ,"","",86
9991262,STANISLAUS CO., ,01/14/1980,1530,Tornado,0,F1,0,1,250000,0,CA,CST, , ,C,99, ,0,0, , ,.3,67,0, ,0, , ,01/14/1980,1530,37.48,-121.88, , ,"","",87
10131176,MEDINA CO., ,01/17/1980,1000,Hail,1.75, ,0,0,0,0,TX,CST, , ,C,325,MT,0,0, , ,0,0,0, ,0, , ,01/17/1980,1000,29.03,-99.28, , ,"","",88
10131177,HAYS CO., ,01/17/1980,1010,Hail,1.75, ,0,0,0,0,TX,CST, , ,C,209,ATA,0,0, , ,0,0,0, ,0, , ,01/17/1980,1010,30.00,-98.05, , ,"","",89
10131178,HAYS CO., ,01/17/1980,1015,Hail,1.00, ,0,0,0,0,TX,CST, , ,C,209,NG,0,0, , ,0,0,0, ,0, , ,01/17/1980,1015,29.92,-97.85, , ,"","",90
10131179,BRAZORIA CO., ,01/17/1980,1450,Thunderstorm Wind,70, ,0,0,0,0,TX,CST, , ,C,39,ATA,0,0, , ,0,0,0, ,0, , ,01/17/1980,1450,29.15,-95.65, , ,"","",91
9982909,MARICOPA CO., ,01/18/1980,1815,Thunderstorm Wind,0, ,0,0,0,0,AZ,CST, , ,C,13, ,0,0, , ,0,0,0, ,0, , ,01/18/1980,1815,33.57,-111.93, , ,"","",92
9982910,MARICOPA CO., ,01/18/1980,1831,Thunderstorm Wind,87, ,0,0,0,0,AZ,CST, , ,C,13,ATA,0,0, , ,0,0,0, ,0, , ,01/18/1980,1831,33.62,-111.75, , ,"","",93
10131180,LIVE OAK CO., ,01/20/1980,1840,Thunderstorm Wind,0, ,0,0,0,0,TX,CST, , ,C,297,ATA,0,0, , ,0,0,0, ,0, , ,01/20/1980,1840,28.47,-98.15, , ,"","",94
10001872,GULF CO., ,01/23/1980,130,Tornado,0,F0,0,0,2500,0,FL,CST, , ,C,45, ,0,0, , ,.3,17,0, ,0, , ,01/23/1980,130,29.83,-85.30, , ,"","",95
10001873,COLUMBIA CO., ,01/23/1980,430,Tornado,0,F0,0,0,25000,0,FL,CST, , ,C,23, ,0,0, , ,.1,10,0, ,0, , ,01/23/1980,430,30.03,-82.67, , ,"","",96
9991263,LOS ANGELES CO., ,01/28/1980,1515,Tornado,0,F0,0,0,2500,0,CA,CST, , ,C,37, ,0,0, , ,.4,10,0, ,0, , ,01/28/1980,1515,33.88,-118.30, , ,"","",97
10152594,KANE CO., ,02/06/1980,2130,Thunderstorm Wind,0, ,0,0,0,0,UT,CST, , ,C,25,ONE,0,0, , ,0,0,0, ,0, , ,02/06/1980,2130,37.02,-112.53, , ,"","",98
10078454,CURRY CO., ,02/07/1980,1740,Thunderstorm Wind,0, ,0,0,0,0,NM,CST, , ,C,9,NG,0,0, , ,0,0,0, ,0, , ,02/07/1980,1740,34.43,-103.62, , ,"","",99
10078455,CURRY CO., ,02/07/1980,1800,Thunderstorm Wind,0, ,0,0,0,0,NM,CST, , ,C,9,ATA,0,0, , ,0,0,0, ,0, , ,02/07/1980,1800,34.40,-103.20, , ,"","",100
10131181,PARMER CO., ,02/07/1980,1800,Tornado,0,F1,0,0,250000,0,TX,CST, , ,C,369, ,0,0, , ,15.3,33,0, ,0, , ,02/07/1980,1800,34.40,-102.85,34.43,-102.58,"","",101
10131182,CASTRO CO., ,02/07/1980,1900,Tornado,0,F1,0,0,250000,0,TX,CST, , ,C,69, ,0,0, , ,15.8,33,0, ,0, , ,02/07/1980,1900,34.43,-102.58,34.50,-102.32,"","",102
9991264,TULARE CO., ,02/15/1980,1700,Tornado,0,F0,0,0,25000,0,CA,CST, , ,C,107, ,0,0, , ,1,33,0, ,0, , ,02/15/1980,1700,36.55,-119.38, , ,"","",103
10001874,COLLIER CO., ,02/17/1980,500,Tornado,0,F0,0,0,25000,0,FL,CST, , ,C,21, ,0,0, , ,1,10,0, ,0, , ,02/17/1980,500,26.08,-81.75, , ,"","",104
9991265,SAN MATEO CO., ,02/19/1980,430,Thunderstorm Wind,0, ,0,0,0,0,CA,CST, , ,C,81,ONE,0,0, , ,0,0,0, ,0, , ,02/19/1980,430,37.63,-122.45, , ,"","",105
9991266,FRESNO CO., ,02/19/1980,1605,Tornado,0,F1,0,2,2500000,0,CA,CST, , ,C,19, ,0,0, , ,1.7,33,0, ,0, , ,02/19/1980,1605,36.77,-119.72, , ,"","",106
9991267,FRESNO CO., ,02/19/1980,1612,Hail,.75, ,0,0,0,0,CA,CST, , ,C,19,MT,0,0, , ,0,0,0, ,0, , ,02/19/1980,1612,36.77,-119.72, , ,"","",107
9991268,SAN DIEGO CO., ,02/20/1980,2000,Tornado,0,F1,0,0,25000,0,CA,CST, , ,C,73, ,0,0, , ,.1,33,0, ,0, , ,02/20/1980,2000,32.78,-117.20, , ,"","",108
10058512,WAYNE CO., ,02/21/1980,300,Thunderstorm Wind,52, ,0,0,0,0,MO,CST, , ,C,223,T,0,0, , ,0,0,0, ,0, , ,02/21/1980,300,37.03,-90.28, , ,"","",109
10058513,BOLLINGER CO., ,02/21/1980,315,Thunderstorm Wind,0, ,0,0,0,0,MO,CST, , ,C,17,T,0,0, , ,0,0,0, ,0, , ,02/21/1980,315,37.15,-90.08, , ,"","",110
10017305,PUTNAM CO., ,02/21/1980,1145,Hail,1.00, ,0,0,0,0,IN,CST, , ,C,133,T,0,0, , ,0,0,0, ,0, , ,02/21/1980,1145,39.65,-86.87, , ,"","",111
10017306,MARION CO., ,02/21/1980,1200,Hail,1.75, ,0,0,0,0,IN,CST, , ,C,97,T,0,0, , ,0,0,0, ,0, , ,02/21/1980,1200,39.73,-86.17, , ,"","",112
10017307,HENDRICKS CO., ,02/21/1980,1200,Hail,1.75, ,0,0,0,0,IN,CST, , ,C,63,T,0,0, , ,0,0,0, ,0, , ,02/21/1980,1200,39.62,-86.53, , ,"","",113
10017308,MORGAN CO., ,02/21/1980,1210,Hail,1.75, ,0,0,0,0,IN,CST, , ,C,109,ATA,0,0, , ,0,0,0, ,0, , ,02/21/1980,1210,39.62,-86.37, , ,"","",114
10017309,MONTGOMERY CO., ,02/21/1980,1705,Hail,3.00, ,0,0,0,0,IN,CST, , ,C,107,ATA,0,0, , ,0,0,0, ,0, , ,02/21/1980,1705,40.03,-86.90, , ,"","",115
9977715,TALLAPOOSA CO., ,02/22/1980,1955,Hail,2.00, ,0,0,0,0,AL,CST, , ,C,123, ,0,0, , ,0,0,0, ,0, , ,02/22/1980,1955,32.93,-85.67, , ,"","",116
9977716,CHAMBERS CO., ,02/22/1980,1959,Hail,.75, ,0,0,0,0,AL,CST, , ,C,17,T,0,0, , ,0,0,0, ,0, , ,02/22/1980,1959,32.90,-85.38, , ,"","",117
10089937,CHATHAM CO., ,02/23/1980,1430,Thunderstorm Wind,0, ,0,0,0,0,NC,CST, , ,C,37, ,0,0, , ,0,0,0, ,0, , ,02/23/1980,1430,35.73,-79.47, , ,"","",118
10089938,ORANGE CO., ,02/23/1980,1515,Thunderstorm Wind,0, ,0,0,0,0,NC,CST, , ,C,135,T,0,0, , ,0,0,0, ,0, , ,02/23/1980,1515,36.05,-79.08, , ,"","",119
10153257,GREENSVILLE CO., ,02/23/1980,1530,Thunderstorm Wind,52, ,0,0,0,0,VA,CST, , ,C,81,ATA,0,0, , ,0,0,0, ,0, , ,02/23/1980,1530,36.72,-77.55, , ,"","",120
10153258,ISLE OF WIGHT CO., ,02/23/1980,1600,Thunderstorm Wind,52, ,0,0,0,0,VA,CST, , ,C,93,ATA,0,0, , ,0,0,0, ,0, , ,02/23/1980,1600,36.80,-76.73, , ,"","",121
10089939,HERTFORD CO., ,02/23/1980,1700,Tornado,0,F0,0,0,250,0,NC,CST, , ,C,91, ,0,0, , ,0,33,0, ,0, , ,02/23/1980,1700,36.40,-76.93, , ,"","",122
10089940,PITT CO., ,02/23/1980,1700,Tornado,0,F0,0,0,0,0,NC,CST, , ,C,147, ,0,0, , ,0,33,0, ,0, , ,02/23/1980,1700,35.62,-77.60, , ,"","",123
10089941,CRAVEN CO., ,02/23/1980,1730,Thunderstorm Wind,0, ,0,0,0,0,NC,CST, , ,C,49,T,0,0, , ,0,0,0, ,0, , ,02/23/1980,1730,35.35,-77.12, , ,"","",124
10089942,ONSLOW CO., ,02/23/1980,1733,Thunderstorm Wind,0, ,0,0,0,0,NC,CST, , ,C,133,NG,0,0, , ,0,0,0, ,0, , ,02/23/1980,1733,34.90,-77.53, , ,"","",125
10089943,CARTERET CO., ,02/23/1980,1843,Hail,1.00, ,0,0,0,0,NC,CST, , ,C,31,ATA,0,0, , ,0,0,0, ,0, , ,02/23/1980,1843,34.78,-76.85, , ,"","",126
10089944,JONES CO., ,02/23/1980,1845,Hail,1.00, ,0,0,0,0,NC,CST, , ,C,103,ATA,0,0, , ,0,0,0, ,0, , ,02/23/1980,1845,34.90,-77.23, , ,"","",127
10089945,NEW HANOVER CO., ,02/23/1980,1845,Thunderstorm Wind,0, ,0,0,0,0,NC,CST, , ,C,129,NG,0,0, , ,0,0,0, ,0, , ,02/23/1980,1845,34.68,-77.90, , ,"","",128
10089946,PENDER CO., ,02/23/1980,1900,Hail,1.75, ,0,0,0,0,NC,CST, , ,C,141,T,0,0, , ,0,0,0, ,0, , ,02/23/1980,1900,34.57,-77.67, , ,"","",129
10089947,COLUMBUS CO., ,02/23/1980,1930,Hail,1.00, ,0,0,0,0,NC,CST, , ,C,47,ATA,0,0, , ,0,0,0, ,0, , ,02/23/1980,1930,34.33,-78.22, , ,"","",130
10089948,ONSLOW CO., ,02/23/1980,1930,Thunderstorm Wind,0, ,0,0,0,0,NC,CST, , ,C,133,T,0,0, , ,0,0,0, ,0, , ,02/23/1980,1930,34.75,-77.42, , ,"","",131
10089949,ONSLOW CO., ,02/23/1980,2100,Thunderstorm Wind,0, ,0,0,0,0,NC,CST, , ,C,133,ATA,0,0, , ,0,0,0, ,0, , ,02/23/1980,2100,34.75,-77.42, , ,"","",132
10001875,TAYLOR CO., ,02/24/1980,1015,Hail,2.75, ,0,0,0,0,FL,CST, , ,C,123,T,0,0, , ,0,0,0, ,0, , ,02/24/1980,1015,30.12,-83.58, , ,"","",133
10001876,LAFAYETTE CO., ,02/24/1980,1050,Hail,1.75, ,0,0,0,0,FL,CST, , ,C,67,LCO,0,0, , ,0,0,0, ,0, , ,02/24/1980,1050,30.00,-83.33, , ,"","",134
10001877,PUTNAM CO., ,02/24/1980,1400,Tornado,0,F1,0,0,25000,0,FL,CST, , ,C,107, ,0,0, , ,1,10,0, ,0, , ,02/24/1980,1400,29.65,-81.60, , ,"","",135
10001878,LAFAYETTE CO., ,02/25/1980,330,Tornado,0,F0,0,0,25000,0,FL,CST, , ,C,67, ,0,0, , ,.5,10,0, ,0, , ,02/25/1980,330,30.05,-83.17, , ,"","",136
10089950,CLAY CO., ,02/25/1980,1615,Tornado,0,F0,0,0,250,0,NC,CST, , ,C,43, ,0,0, , ,0,33,0, ,0, , ,02/25/1980,1615,35.02,-78.57, , ,"","",137
10131183,BURNET CO., ,02/29/1980,1830,Thunderstorm Wind,60, ,0,0,0,0,TX,CST, , ,C,53,ATA,0,0, , ,0,0,0, ,0, , ,02/29/1980,1830,30.87,-97.92, , ,"","",138
10131184,WILLIAMSON CO., ,02/29/1980,1940,Hail,.75, ,0,0,0,0,TX,CST, , ,C,491,ATA,0,0, , ,0,0,0, ,0, , ,02/29/1980,1940,30.63,-97.67, , ,"","",139
10131185,WILLIAMSON CO., ,02/29/1980,1940,Thunderstorm Wind,50, ,0,0,0,0,TX,CST, , ,C,491,ATA,0,0, , ,0,0,0, ,0, , ,02/29/1980,1940,30.50,-97.67, , ,"","",140
10131186,WILLIAMSON CO., ,02/29/1980,2015,Tornado,0,F1,0,0,0,0,TX,CST, , ,C,491, ,0,0, , ,6.1,43,0, ,0, , ,02/29/1980,2015,30.52,-97.53,30.47,-97.45,"","",141
10131187,TRAVIS CO., ,02/29/1980,2030,Hail,.75, ,0,0,0,0,TX,CST, , ,C,453,ATA,0,0, , ,0,0,0, ,0, , ,02/29/1980,2030,30.30,-97.93, , ,"","",142
10131188,TRAVIS CO., ,02/29/1980,2030,Thunderstorm Wind,50, ,0,0,0,0,TX,CST, , ,C,453,ATA,0,0, , ,0,0,0, ,0, , ,02/29/1980,2030,30.30,-97.77, , ,"","",143
10131189,TRAVIS CO., ,02/29/1980,2040,Tornado,0,F1,0,0,0,0,TX,CST, , ,C,453, ,0,0, , ,4.9,33,0, ,0, , ,02/29/1980,2040,30.47,-97.45,30.43,-97.38,"","",144
10131190,TRAVIS CO., ,02/29/1980,2040,Hail,1.75, ,0,0,0,0,TX,CST, , ,C,453,ATA,0,0, , ,0,0,0, ,0, , ,02/29/1980,2040,30.30,-97.77, , ,"","",145
10131191,TRAVIS CO., ,02/29/1980,2040,Thunderstorm Wind,0, ,0,0,0,0,TX,CST, , ,C,453,T,0,0, , ,0,0,0, ,0, , ,02/29/1980,2040,30.30,-97.93, , ,"","",146
10131192,BASTROP CO., ,02/29/1980,2100,Hail,.75, ,0,0,0,0,TX,CST, , ,C,21,ATA,0,0, , ,0,0,0, ,0, , ,02/29/1980,2100,30.12,-97.32, , ,"","",147
10131193,BASTROP CO., ,02/29/1980,2100,Thunderstorm Wind,50, ,0,0,0,0,TX,CST, , ,C,21,ATA,0,0, , ,0,0,0, ,0, , ,02/29/1980,2100,30.12,-97.32, , ,"","",148
10131194,HAYS CO., ,02/29/1980,2130,Hail,1.75, ,0,0,0,0,TX,CST, , ,C,209,ATA,0,0, , ,0,0,0, ,0, , ,02/29/1980,2130,30.08,-97.85, , ,"","",149
10131195,HAYS CO., ,02/29/1980,2130,Thunderstorm Wind,55, ,0,0,0,0,TX,CST, , ,C,209,ATA,0,0, , ,0,0,0, ,0, , ,02/29/1980,2130,30.08,-97.85, , ,"","",150
10131197,CALDWELL CO., ,02/29/1980,2150,Thunderstorm Wind,55, ,0,0,0,0,TX,CST, , ,C,55,ATA,0,0, , ,0,0,0, ,0, , ,02/29/1980,2150,29.92,-97.75, , ,"","",151
10131196,CALDWELL CO., ,02/29/1980,2150,Hail,1.75, ,0,0,0,0,TX,CST, , ,C,55,ATA,0,0, , ,0,0,0, ,0, , ,02/29/1980,2150,29.92,-97.75, , ,"","",152
10131198,MCLENNAN CO., ,02/29/1980,2310,Hail,1.00, ,0,0,0,0,TX,CST, , ,C,309,MT,0,0, , ,0,0,0, ,0, , ,02/29/1980,2310,31.47,-97.12, , ,"","",153
10001879,MONROE CO., ,03/01/1980,1913,Thunderstorm Wind,52, ,0,0,0,0,FL,CST, , ,C,87,S,0,0, , ,0,0,0, ,0, , ,03/01/1980,1913,24.55,-81.75, , ,"","",154
10001880,BROWARD CO., ,03/01/1980,2000,Tornado,0,F3,1,33,25000000,0,FL,CST, , ,C,11, ,0,0, , ,7.8,500,0, ,0, , ,03/01/1980,2000,26.17,-80.17,26.25,-80.08,"","",155
10001881,BROWARD CO., ,03/01/1980,2015,Tornado,0,F1,0,0,2500000,0,FL,CST, , ,C,11, ,0,0, , ,.5,33,0, ,0, , ,03/01/1980,2015,26.33,-80.08, , ,"","",156
9991269,LOS ANGELES CO., ,03/02/1980,1700,Thunderstorm Wind,0, ,0,0,0,0,CA,CST, , ,C,37,ATA,0,0, , ,0,0,0, ,0, , ,03/02/1980,1700,34.03,-118.30, , ,"","",157
9991270,LOS ANGELES CO., ,03/02/1980,2050,Thunderstorm Wind,60, ,0,0,0,0,CA,CST, , ,C,37,T,0,0, , ,0,0,0, ,0, , ,03/02/1980,2050,34.03,-118.30, , ,"","",158
10089951,DARE CO., ,03/03/1980,1959,Thunderstorm Wind,54, ,0,0,0,0,NC,CST, , ,C,55,S,0,0, , ,0,0,0, ,0, , ,03/03/1980,1959,35.27,-75.55, , ,"","",159
9981298,GARLAND CO., ,03/04/1980,2152,Hail,1.75, ,0,0,0,0,AR,CST, , ,C,51,NG,0,0, , ,0,0,0, ,0, , ,03/04/1980,2152,34.47,-93.05, , ,"","",160
9977717,ST. CLAIR CO., ,03/05/1980,920,Hail,.75, ,0,0,0,0,AL,CST, , ,C,115,NG,0,0, , ,0,0,0, ,0, , ,03/05/1980,920,33.65,-86.47, , ,"","",161
9977718,TALLAPOOSA CO., ,03/05/1980,1400,Hail,1.75, ,0,0,0,0,AL,CST, , ,C,123,MT,0,0, , ,0,0,0, ,0, , ,03/05/1980,1400,32.95,-85.97, , ,"","",162
9977719,TALLAPOOSA CO., ,03/05/1980,1430,Hail,1.75, ,0,0,0,0,AL,CST, , ,C,123,MT,0,0, , ,0,0,0, ,0, , ,03/05/1980,1430,32.80,-85.65, , ,"","",163
9977720,BULLOCK CO., ,03/05/1980,1450,Hail,1.75, ,0,0,0,0,AL,CST, , ,C,11,NG,0,0, , ,0,0,0, ,0, , ,03/05/1980,1450,32.15,-85.75, , ,"","",164
9994489,WORTH CO., ,03/05/1980,1845,Hail,1.75, ,0,0,0,0,GA,CST, , ,C,321,T,0,0, , ,0,0,0, ,0, , ,03/05/1980,1845,31.78,-83.97, , ,"","",165
9991271,ORANGE CO., ,03/06/1980,645,Thunderstorm Wind,0, ,0,0,0,0,CA,CST, , ,C,59,PER,0,0, , ,0,0,0, ,0, , ,03/06/1980,645,33.88,-117.98, , ,"","",166
9991272,LOS ANGELES CO., ,03/06/1980,700,Thunderstorm Wind,0, ,0,0,0,0,CA,CST, , ,C,37,PER,0,0, , ,0,0,0, ,0, , ,03/06/1980,700,33.78,-118.17, , ,"","",167
9991273,RIVERSIDE CO., ,03/06/1980,730,Thunderstorm Wind,0, ,0,0,0,0,CA,CST, , ,C,65,PER,0,0, , ,0,0,0, ,0, , ,03/06/1980,730,33.95,-117.40, , ,"","",168
9991274,KINGS CO., ,03/06/1980,1817,Hail,1.25, ,0,0,0,0,CA,CST, , ,C,31,S,0,0, , ,0,0,0, ,0, , ,03/06/1980,1817,36.33,-119.95, , ,"","",169
9982911,NAVAJO CO., ,03/06/1980,2005,Thunderstorm Wind,50, ,0,0,0,0,AZ,CST, , ,C,17,S,0,0, , ,0,0,0, ,0, , ,03/06/1980,2005,35.02,-110.72, , ,"","",170
10058514,BOONE CO., ,03/07/1980,930,Hail,.75, ,0,0,0,0,MO,CST, , ,C,19,NG,0,0, , ,0,0,0, ,0, , ,03/07/1980,930,38.77,-92.17, , ,"","",171
10060602,LAUDERDALE CO., ,03/07/1980,1340,Thunderstorm Wind,0, ,0,0,0,0,MS,CST, , ,C,75,ATA,0,0, , ,0,0,0, ,0, , ,03/07/1980,1340,32.48,-88.77, , ,"","",172
10060603,PEARL RIVER CO., ,03/07/1980,1505,Tornado,0,F1,0,0,25000,0,MS,CST, , ,C,109, ,0,0, , ,.3,30,0, ,0, , ,03/07/1980,1505,30.90,-89.45, , ,"","",173
10060604,NESHOBA CO., ,03/07/1980,1625,Tornado,0,F1,0,0,2500,0,MS,CST, , ,C,99, ,0,0, , ,.2,30,0, ,0, , ,03/07/1980,1625,32.73,-89.07, , ,"","",174
10060605,GEORGE CO., ,03/07/1980,1640,Thunderstorm Wind,0, ,0,0,0,0,MS,CST, , ,C,39,MT,0,0, , ,0,0,0, ,0, , ,03/07/1980,1640,30.92,-88.58, , ,"","",175
9977721,MOBILE CO., ,03/07/1980,1645,Thunderstorm Wind,0, ,0,0,0,0,AL,CST, , ,C,97,MT,0,0, , ,0,0,0, ,0, , ,03/07/1980,1645,31.08,-88.27, , ,"","",176
10125490,BLOUNT CO., ,03/07/1980,1730,Tornado,0,F1,0,0,2500,0,TN,CST, , ,C,9, ,0,0, , ,.1,20,0, ,0, , ,03/07/1980,1730,35.67,-83.77, , ,"","",177
9977722,ESCAMBIA CO., ,03/07/1980,1815,Thunderstorm Wind,0, ,0,0,0,0,AL,CST, , ,C,53,NG,0,0, , ,0,0,0, ,0, , ,03/07/1980,1815,31.25,-87.07, , ,"","",178
9977723,MOBILE CO., ,03/07/1980,1840,Thunderstorm Wind,0, ,0,0,0,0,AL,CST, , ,C,97,MT,0,0, , ,0,0,0, ,0, , ,03/07/1980,1840,30.60,-88.33, , ,"","",179
10007109,RANDOLPH CO., ,03/07/1980,2145,Hail,1.75, ,0,0,0,0,IL,CST, , ,C,157,NG,0,0, , ,0,0,0, ,0, , ,03/07/1980,2145,38.08,-90.10, , ,"","",180
9977724,BIBB CO., ,03/08/1980,630,Tornado,0,F1,0,0,2500,0,AL,CST, , ,C,7, ,0,0, , ,6.1,73,0, ,0, , ,03/08/1980,630,32.97,-87.08,33.02,-87.00,"","",181
9977725,SHELBY CO., ,03/08/1980,715,Hail,1.75, ,0,0,0,0,AL,CST, , ,C,117,ATA,0,0, , ,0,0,0, ,0, , ,03/08/1980,715,33.08,-86.88, , ,"","",182
9977726,HOUSTON CO., ,03/08/1980,1145,Tornado,0,F2,0,5,250000,0,AL,CST, , ,C,69, ,0,0, , ,16,40,0, ,0, , ,03/08/1980,1145,31.20,-85.63,31.23,-85.37,"","",183
9977727,DALE CO., ,03/08/1980,1155,Thunderstorm Wind,0, ,0,0,0,0,AL,CST, , ,C,45,NG,0,0, , ,0,0,0, ,0, , ,03/08/1980,1155,31.12,-85.70, , ,"","",184
10113846,HAMPTON CO., ,03/08/1980,1320,Tornado,0,F1,0,6,250000,0,SC,CST, , ,C,49, ,0,0, , ,1,30,0, ,0, , ,03/08/1980,1320,32.75,-81.25, , ,"","",185
10114776,DAUPHIN CO., ,03/08/1980,1701,Thunderstorm Wind,52, ,0,0,0,0,PA,CST, , ,C,43,S,0,0, , ,0,0,0, ,0, , ,03/08/1980,1701,40.22,-76.85, , ,"","",186
10115620,BERKS CO., ,03/08/1980,1730,Thunderstorm Wind,65, ,0,0,0,0,PA,CST, , ,C,11,S,0,0, , ,0,0,0, ,0, , ,03/08/1980,1730,40.38,-75.97, , ,"","",187
10115621,BERKS CO., ,03/08/1980,1800,Hail,.75, ,0,0,0,0,PA,CST, , ,C,11,LCO,0,0, , ,0,0,0, ,0, , ,03/08/1980,1800,40.20,-75.78, , ,"","",188
10115622,BUCKS CO., ,03/08/1980,1900,Thunderstorm Wind,0, ,0,0,0,0,PA,CST, , ,C,17,LCO,0,0, , ,0,0,0, ,0, , ,03/08/1980,1900,40.25,-75.13, , ,"","",189
10046096,JEFFERSON PAR., ,03/09/1980,330,Thunderstorm Wind,0, ,0,0,0,0,LA,CST, , ,C,51,ATA,0,0, , ,0,0,0, ,0, , ,03/09/1980,330,29.98,-90.23, , ,"","",190
9994490,COFFEE CO., ,03/10/1980,315,Hail,1.75, ,0,0,0,0,GA,CST, , ,C,69,NG,0,0, , ,0,0,0, ,0, , ,03/10/1980,315,31.50,-82.85, , ,"","",191
10001882,BRADFORD CO., ,03/10/1980,850,Hail,.75, ,0,0,0,0,FL,CST, , ,C,7,NG,0,0, , ,0,0,0, ,0, , ,03/10/1980,850,29.95,-82.10, , ,"","",192
10001883,CLAY CO., ,03/10/1980,950,Tornado,0,F1,0,0,25000,0,FL,CST, , ,C,19, ,0,0, , ,.5,33,0, ,0, , ,03/10/1980,950,30.00,-81.92, , ,"","",193
10001884,DUVAL CO., ,03/10/1980,1045,Tornado,0,F1,0,0,25000,0,FL,CST, , ,C,31, ,0,0, , ,.3,20,0, ,0, , ,03/10/1980,1045,30.25,-81.75, , ,"","",194
10046097,WEBSTER PAR., ,03/12/1980,330,Thunderstorm Wind,0, ,0,0,0,0,LA,CST, , ,C,119,ATA,0,0, , ,0,0,0, ,0, , ,03/12/1980,330,30.80,-90.10, , ,"","",195
9994491,LOWNDES CO., ,03/12/1980,1546,Hail,.75, ,0,0,0,0,GA,CST, , ,C,185,S,0,0, , ,0,0,0, ,0, , ,03/12/1980,1546,30.78,-83.28, , ,"","",196
10042139,WORCESTER CO., ,03/13/1980,1830,Thunderstorm Wind,0, ,0,0,0,0,MD,CST, , ,C,47,T,0,0, , ,0,0,0, ,0, , ,03/13/1980,1830,38.33,-75.08, , ,"","",197
10053773,SCOTT CO., ,03/16/1980,945,Hail,1.00, ,0,0,0,0,MN,CST, , ,C,139,NG,0,0, , ,0,0,0, ,0, , ,03/16/1980,945,44.63,-93.77, , ,"","",198
10058515,JOHNSON CO., ,03/16/1980,1611,Hail,.75, ,0,0,0,0,MO,CST, , ,C,101,S,0,0, , ,0,0,0, ,0, , ,03/16/1980,1611,38.72,-93.55, , ,"","",199
10105984,GARVIN CO., ,03/16/1980,1630,Hail,1.50, ,0,0,0,0,OK,CST, , ,C,49,RY,0,0, , ,0,0,0, ,0, , ,03/16/1980,1630,34.65,-97.17, , ,"","",200
10105985,PONTOTOC CO., ,03/16/1980,1758,Hail,1.75, ,0,0,0,0,OK,CST, , ,C,123,RY,0,0, , ,0,0,0, ,0, , ,03/16/1980,1758,34.77,-96.67, , ,"","",201
10105986,POTTAWATOMIE CO., ,03/16/1980,1830,Hail,1.75, ,0,0,0,0,OK,CST, , ,C,125,ATA,0,0, , ,0,0,0, ,0, , ,03/16/1980,1830,35.13,-96.78, , ,"","",202
10031024,WAYNE CO., ,03/16/1980,2345,Thunderstorm Wind,0, ,0,0,0,0,KY,CST, , ,C,231,ATA,0,0, , ,0,0,0, ,0, , ,03/16/1980,2345,36.77,-84.95, , ,"","",203
10031025,UNION CO., ,03/17/1980,530,Thunderstorm Wind,0, ,0,0,0,0,KY,CST, , ,C,225,ATA,0,0, , ,0,0,0, ,0, , ,03/17/1980,530,37.70,-87.82, , ,"","",204
10131199,CHEROKEE CO., ,03/17/1980,545,Tornado,0,F1,0,0,25000,0,TX,CST, , ,C,73, ,0,0, , ,3.8,33,0, ,0, , ,03/17/1980,545,31.60,-95.07,31.62,-95.02,"","",205
10131200,NACOGDOCHES CO., ,03/17/1980,555,Tornado,0,F1,0,0,25000,0,TX,CST, , ,C,347, ,0,0, , ,8.2,33,0, ,0, , ,03/17/1980,555,31.62,-95.02,31.63,-94.88,"","",206
9977728,CLARKE CO., ,03/17/1980,950,Tornado,0,F1,0,0,25000,0,AL,CST, , ,C,25, ,0,0, , ,.2,50,0, ,0, , ,03/17/1980,950,31.70,-87.78, , ,"","",207
9977729,MONROE CO., ,03/17/1980,1015,Thunderstorm Wind,0, ,0,0,0,0,AL,CST, , ,C,99,MT,0,0, , ,0,0,0, ,0, , ,03/17/1980,1015,31.52,-87.33, , ,"","",208
9977730,CLARKE CO., ,03/17/1980,1300,Tornado,0,F1,0,0,2500,0,AL,CST, , ,C,25, ,0,0, , ,.5,50,0, ,0, , ,03/17/1980,1300,31.65,-87.70, , ,"","",209
10046098,ASSUMPTION PAR., ,03/17/1980,1300,Tornado,0,F0,0,0,250000,0,LA,CST, , ,C,7, ,0,0, , ,2,33,0, ,0, , ,03/17/1980,1300,29.17,-91.10, , ,"","",210
10046099,TERREBONNE PAR., ,03/17/1980,1300,Thunderstorm Wind,50, ,0,0,0,0,LA,CST, , ,C,109,ATA,0,0, , ,0,0,0, ,0, , ,03/17/1980,1300,29.70,-90.78, , ,"","",211
9977731,COFFEE CO., ,03/17/1980,1310,Thunderstorm Wind,0, ,0,0,0,0,AL,CST, , ,C,31,MT,0,0, , ,0,0,0, ,0, , ,03/17/1980,1310,31.38,-85.93, , ,"","",212
9994492,RANDOLPH CO., ,03/17/1980,1450,Tornado,0,F1,0,0,25000,0,GA,CST, , ,C,243, ,0,0, , ,.2,50,0, ,0, , ,03/17/1980,1450,31.77,-84.80, , ,"","",213
9994493,PEACH CO., ,03/17/1980,1540,Thunderstorm Wind,0, ,0,0,0,0,GA,CST, , ,C,225,T,0,0, , ,0,0,0, ,0, , ,03/17/1980,1540,32.67,-83.72, , ,"","",214
9994494,JOHNSON CO., ,03/17/1980,1845,Tornado,0,F1,0,0,25000,0,GA,CST, , ,C,167, ,0,0, , ,2,83,0, ,0, , ,03/17/1980,1845,32.68,-82.52, , ,"","",215
9995345,TOOMBS CO., ,03/17/1980,1910,Thunderstorm Wind,0, ,0,0,0,0,GA,CST, , ,C,279,NG,0,0, , ,0,0,0, ,0, , ,03/17/1980,1910,32.20,-82.32, , ,"","",216
10089952,HARNETT CO., ,03/17/1980,2100,Thunderstorm Wind,0, ,0,0,0,0,NC,CST, , ,C,85,ATA,0,0, , ,0,0,0, ,0, , ,03/17/1980,2100,35.42,-78.78, , ,"","",217
10115623,WYOMING CO., ,03/18/1980,330,Tornado,0,F1,0,0,2500,0,PA,CST, , ,C,131, ,0,0, , ,.3,13,0, ,0, , ,03/18/1980,330,41.55,-76.78, , ,"","",218
10115624,BERKS CO., ,03/18/1980,410,Thunderstorm Wind,0, ,0,0,0,0,PA,CST, , ,C,11,ATA,0,0, , ,0,0,0, ,0, , ,03/18/1980,410,40.42,-75.92, , ,"","",219
10010636,HAWAII CO., ,03/20/1980,920,Tornado,0,F1,0,0,250,0,HI,UNK, , ,C,1, ,0,0, , ,1,10,0, ,0, , ,03/20/1980,920,19.70,-155.10, , ,"","",220
10046100,EAST CARROLL PAR., ,03/20/1980,1355,Thunderstorm Wind,55, ,0,0,0,0,LA,CST, , ,C,35,MT,0,0, , ,0,0,0, ,0, , ,03/20/1980,1355,32.80,-91.18, , ,"","",221
10046101,WEST CARROLL PAR., ,03/20/1980,1400,Tornado,0,F1,0,0,250000,0,LA,CST, , ,C,123, ,0,0, , ,5.4,33,0, ,0, , ,03/20/1980,1400,32.75,-91.40,32.80,-91.33,"","",222
10046102,EAST CARROLL PAR., ,03/20/1980,1420,Tornado,0,F1,0,0,250000,0,LA,CST, , ,C,35, ,0,0, , ,12.6,33,0, ,0, , ,03/20/1980,1420,32.80,-91.33,32.92,-91.17,"","",223
10105987,SEQUOYAH CO., ,03/20/1980,1430,Thunderstorm Wind,0, ,0,0,0,0,OK,CST, , ,C,135,ATA,0,0, , ,0,0,0, ,0, , ,03/20/1980,1430,35.43,-94.80, , ,"","",224
10060606,SHARKEY CO., ,03/20/1980,1445,Tornado,0,F1,0,1,250000,0,MS,CST, , ,C,125, ,0,0, , ,.5,30,0, ,0, , ,03/20/1980,1445,33.03,-90.87, , ,"","",225
10046103,LA SALLE PAR., ,03/20/1980,1450,Thunderstorm Wind,0, ,0,0,0,0,LA,CST, , ,C,59,T,0,0, , ,0,0,0, ,0, , ,03/20/1980,1450,31.82,-92.33, , ,"","",226
10060607,CLAY CO., ,03/20/1980,1530,Thunderstorm Wind,0, ,0,0,0,0,MS,CST, , ,C,25,ATA,0,0, , ,0,0,0, ,0, , ,03/20/1980,1530,33.60,-88.68, , ,"","",227
10060608,CLAY CO., ,03/20/1980,1545,Tornado,0,F1,1,0,25000,0,MS,CST, , ,C,25, ,0,0, , ,.1,17,0, ,0, , ,03/20/1980,1545,33.57,-88.50, , ,"","",228
10060609,CALHOUN CO., ,03/20/1980,1603,Thunderstorm Wind,0, ,0,0,0,0,MS,CST, , ,C,13,T,0,0, , ,0,0,0, ,0, , ,03/20/1980,1603,34.18,-89.35, , ,"","",229
9981299,STONE CO., ,03/20/1980,1730,Thunderstorm Wind,0, ,0,0,0,0,AR,CST, , ,C,137,MT,0,0, , ,0,0,0, ,0, , ,03/20/1980,1730,35.87,-92.12, , ,"","",230
10046104,ST. CHARLES PAR., ,03/20/1980,1910,Thunderstorm Wind,0, ,0,0,0,0,LA,CST, , ,C,89,NG,0,0, , ,0,0,0, ,0, , ,03/20/1980,1910,29.93,-90.35, , ,"","",231
10125491,SHELBY CO., ,03/20/1980,2005,Thunderstorm Wind,0, ,0,0,0,0,TN,CST, , ,C,157,RY,0,0, , ,0,0,0, ,0, , ,03/20/1980,2005,35.27,-89.92, , ,"","",232
10125492,SHELBY CO., ,03/20/1980,2010,Thunderstorm Wind,0, ,0,0,0,0,TN,CST, , ,C,157,MT,0,0, , ,0,0,0, ,0, , ,03/20/1980,2010,35.13,-89.98, , ,"","",233
9977732,JEFFERSON CO., ,03/20/1980,2045,Tornado,0,F1,0,0,0,0,AL,CST, , ,C,73, ,0,0, , ,.1,50,0, ,0, , ,03/20/1980,2045,33.42,-87.20, , ,"","",234
9977733,WASHINGTON CO., ,03/20/1980,2100,Thunderstorm Wind,0, ,0,0,0,0,AL,CST, , ,C,129,T,0,0, , ,0,0,0, ,0, , ,03/20/1980,2100,31.63,-88.32, , ,"","",235
9977734,CLARKE CO., ,03/20/1980,2100,Thunderstorm Wind,0, ,0,0,0,0,AL,CST, , ,C,25,T,0,0, , ,0,0,0, ,0, , ,03/20/1980,2100,31.75,-87.90, , ,"","",236
9977735,CLARKE CO., ,03/20/1980,2105,Thunderstorm Wind,0, ,0,0,0,0,AL,CST, , ,C,25,NG,0,0, , ,0,0,0, ,0, , ,03/20/1980,2105,31.70,-87.78, , ,"","",237
9977736,TALLADEGA CO., ,03/20/1980,2155,Tornado,0,F2,0,6,250000,0,AL,CST, , ,C,121, ,0,0, , ,3.8,50,0, ,0, , ,03/20/1980,2155,33.17,-86.25,33.20,-86.20,"","",238
9977737,BALDWIN CO., ,03/20/1980,2300,Thunderstorm Wind,68, ,0,0,0,0,AL,CST, , ,C,3,NG,0,0, , ,0,0,0, ,0, , ,03/20/1980,2300,30.37,-87.72, , ,"","",239
9977738,CHAMBERS CO., ,03/20/1980,2330,Thunderstorm Wind,0, ,0,0,0,0,AL,CST, , ,C,17,T,0,0, , ,0,0,0, ,0, , ,03/20/1980,2330,32.90,-85.38, , ,"","",240
9977739,COFFEE CO., ,03/20/1980,2340,Thunderstorm Wind,0, ,0,0,0,0,AL,CST, , ,C,31,NG,0,0, , ,0,0,0, ,0, , ,03/20/1980,2340,31.67,-86.07, , ,"","",241
9995346,UPSON CO., ,03/21/1980,45,Tornado,0,F1,0,0,25000,0,GA,CST, , ,C,293, ,0,0, , ,2,67,0, ,0, , ,03/21/1980,45,32.90,-84.35, , ,"","",242
9995558,MACON CO., ,03/21/1980,100,Tornado,0,F1,0,0,2500000,0,GA,CST, , ,C,193, ,0,0, , ,6.1,100,0, ,0, , ,03/21/1980,100,32.45,-83.93,32.47,-83.83,"","",243
10031026,METCALFE CO., ,03/21/1980,100,Thunderstorm Wind,70, ,0,0,0,0,KY,CST, , ,C,169,ATA,0,0, , ,0,0,0, ,0, , ,03/21/1980,100,36.98,-85.60, , ,"","",244
9995559,PEACH CO., ,03/21/1980,112,Tornado,0,F1,0,0,2500000,0,GA,CST, , ,C,225, ,0,0, , ,11,33,0, ,0, , ,03/21/1980,112,32.47,-83.83,32.50,-83.65,"","",245
9995560,HOUSTON CO., ,03/21/1980,130,Tornado,0,F1,0,2,2500000,0,GA,CST, , ,C,153, ,0,0, , ,5.4,33,0, ,0, , ,03/21/1980,130,32.50,-83.65,32.55,-83.58,"","",246
9995561,HOUSTON CO., ,03/21/1980,145,Tornado,0,F1,0,0,250000,0,GA,CST, , ,C,153, ,0,0, , ,4.5,67,0, ,0, , ,03/21/1980,145,32.33,-83.68,32.33,-83.62,"","",247
9995563,WILKINSON CO., ,03/21/1980,200,Tornado,0,F1,0,1,25000,0,GA,CST, , ,C,319, ,0,0, , ,.2,67,0, ,0, , ,03/21/1980,200,32.83,-83.07, , ,"","",248
9995564,BLECKLEY CO., ,03/21/1980,200,Thunderstorm Wind,0, ,0,0,0,0,GA,CST, , ,C,23,T,0,0, , ,0,0,0, ,0, , ,03/21/1980,200,32.38,-83.35, , ,"","",249
9995562,PULASKI CO., ,03/21/1980,200,Tornado,0,F1,0,0,250000,0,GA,CST, , ,C,235, ,0,0, , ,11.8,33,0, ,0, , ,03/21/1980,200,32.33,-83.62,32.35,-83.42,"","",250
9995565,PULASKI CO., ,03/21/1980,215,Thunderstorm Wind,0, ,0,0,0,0,GA,CST, , ,C,235,T,0,0, , ,0,0,0, ,0, , ,03/21/1980,215,32.37,-83.47, , ,"","",251
9995566,DODGE CO., ,03/21/1980,220,Tornado,0,F1,0,0,250000,0,GA,CST, , ,C,91, ,0,0, , ,5.9,33,0, ,0, , ,03/21/1980,220,32.35,-83.42,32.35,-83.32,"","",252
10113847,NEWBERRY CO., ,03/21/1980,315,Thunderstorm Wind,0, ,0,0,0,0,SC,CST, , ,C,71,MT,0,0, , ,0,0,0, ,0, , ,03/21/1980,315,34.28,-81.62, , ,"","",253
9995567,TELFAIR CO., ,03/21/1980,334,Thunderstorm Wind,0, ,0,0,0,0,GA,CST, , ,C,271,T,0,0, , ,0,0,0, ,0, , ,03/21/1980,334,32.07,-82.92, , ,"","",254
9985137,SUSSEX CO., ,03/21/1980,1600,Thunderstorm Wind,0, ,0,0,0,0,DE,CST, , ,C,5,LCO,0,0, , ,0,0,0, ,0, , ,03/21/1980,1600,38.63,-75.62, , ,"","",255
10105988,CADDO CO., ,03/23/1980,1556,Thunderstorm Wind,0, ,0,0,0,0,OK,CST, , ,C,15,ATA,0,0, , ,0,0,0, ,0, , ,03/23/1980,1556,35.20,-98.35, , ,"","",256
10105989,OKLAHOMA CO., ,03/23/1980,1625,Tornado,0,F0,0,0,250,0,OK,CST, , ,C,109, ,0,0, , ,.1,3,0, ,0, , ,03/23/1980,1625,35.40,-97.50, , ,"","",257
10105990,CLEVELAND CO., ,03/23/1980,1700,Thunderstorm Wind,0, ,0,0,0,0,OK,CST, , ,C,27,LCO,0,0, , ,0,0,0, ,0, , ,03/23/1980,1700,35.22,-97.27, , ,"","",258
10127599,ANDERSON CO., ,03/23/1980,1712,Hail,.75, ,0,0,0,0,TX,CST, , ,C,1,T,0,0, , ,0,0,0, ,0, , ,03/23/1980,1712,32.05,-95.50, , ,"","",259
10105991,PAYNE CO., ,03/23/1980,1715,Thunderstorm Wind,60, ,0,0,0,0,OK,CST, , ,C,119,ATA,0,0, , ,0,0,0, ,0, , ,03/23/1980,1715,35.98,-96.77, , ,"","",260
10105992,OKFUSKEE CO., ,03/23/1980,1800,Tornado,0,F0,0,0,0,0,OK,CST, , ,C,107, ,0,0, , ,0,33,0, ,0, , ,03/23/1980,1800,35.62,-96.30, , ,"","",261
10105993,WAGONER CO., ,03/23/1980,1830,Thunderstorm Wind,0, ,0,0,0,0,OK,CST, , ,C,145,ATA,0,0, , ,0,0,0, ,0, , ,03/23/1980,1830,35.85,-95.38, , ,"","",262
10105994,OTTAWA CO., ,03/23/1980,1930,Thunderstorm Wind,0, ,0,0,0,0,OK,CST, , ,C,115,ATA,0,0, , ,0,0,0, ,0, , ,03/23/1980,1930,36.70,-94.92, , ,"","",263
10125493,RUTHERFORD CO., ,03/24/1980,1230,Tornado,0,F2,0,2,250000,0,TN,CST, , ,C,149, ,0,0, , ,1.9,150,0, ,0, , ,03/24/1980,1230,35.85,-86.38,35.87,-86.35,"","",264
10031027,FLOYD CO., ,03/24/1980,1600,Thunderstorm Wind,0, ,0,0,0,0,KY,CST, , ,C,71,ATA,0,0, , ,0,0,0, ,0, , ,03/24/1980,1600,37.62,-82.77, , ,"","",265
10089953,NORTHAMPTON CO., ,03/24/1980,2225,Tornado,0,F1,0,0,250000,0,NC,CST, , ,C,131, ,0,0, , ,1.2,150,0, ,0, , ,03/24/1980,2225,36.27,-77.28, , ,"","",266
10089954,HERTFORD CO., ,03/24/1980,2245,Thunderstorm Wind,0, ,0,0,0,0,NC,CST, , ,C,91,T,0,0, , ,0,0,0, ,0, , ,03/24/1980,2245,36.45,-77.10, , ,"","",267
9986748,KIOWA CO., ,03/25/1980,1710,Tornado,0,F1,0,0,250,0,CO,CST, , ,C,61, ,0,0, , ,0,50,0, ,0, , ,03/25/1980,1710,38.62,-102.70,38.63,-102.68,"","",268
9986749,CHEYENNE CO., ,03/25/1980,1715,Tornado,0,F1,0,0,250,0,CO,CST, , ,C,17, ,0,0, , ,0,33,0, ,0, , ,03/25/1980,1715,38.63,-102.68,38.65,-102.67,"","",269
10046105,TANGIPAHOA PAR., ,03/25/1980,2139,Hail,1.75, ,0,0,0,0,LA,CST, , ,C,105,T,0,0, , ,0,0,0, ,0, , ,03/25/1980,2139,30.50,-90.47, , ,"","",270
10127600,LAMB CO., ,03/27/1980,1410,Tornado,0,F0,0,0,30,0,TX,CST, , ,C,279, ,0,0, , ,1,20,0, ,0, , ,03/27/1980,1410,34.32,-102.13, , ,"","",271
10127601,CASTRO CO., ,03/27/1980,1410,Tornado,0,F0,0,0,30,0,TX,CST, , ,C,69, ,0,0, , ,3.8,33,0, ,0, , ,03/27/1980,1410,34.57,-102.12,34.60,-102.07,"","",272
10127602,MITCHELL CO., ,03/27/1980,1420,Tornado,0,F0,0,0,30,0,TX,CST, , ,C,335, ,0,0, , ,2,33,0, ,0, , ,03/27/1980,1420,32.22,-100.97, , ,"","",273
10127603,MITCHELL CO., ,03/27/1980,1420,Hail,1.75, ,0,0,0,0,TX,CST, , ,C,335,REP,0,0, , ,0,0,0, ,0, , ,03/27/1980,1420,32.40,-100.85, , ,"","",274
10127604,CROSBY CO., ,03/27/1980,1645,Tornado,0,F1,0,0,250,0,TX,CST, , ,C,107, ,0,0, , ,1.9,50,0, ,0, , ,03/27/1980,1645,33.50,-101.02,33.48,-101.00,"","",275
10127605,DICKENS CO., ,03/27/1980,1648,Tornado,0,F1,0,0,250,0,TX,CST, , ,C,125, ,0,0, , ,12,33,0, ,0, , ,03/27/1980,1648,33.48,-101.00,33.57,-100.82,"","",276
10127606,DICKENS CO., ,03/27/1980,1715,Tornado,0,F1,0,0,30,0,TX,CST, , ,C,125, ,0,0, , ,1,20,0, ,0, , ,03/27/1980,1715,33.77,-101.02, , ,"","",277
10131209,RUNNELS CO., ,03/27/1980,1730,Hail,1.75, ,0,0,0,0,TX,CST, , ,C,399,MT,0,0, , ,0,0,0, ,0, , ,03/27/1980,1730,31.97,-99.95, , ,"","",278
10131210,CONCHO CO., ,03/27/1980,1750,Hail,1.75, ,0,0,0,0,TX,CST, , ,C,95,ATA,0,0, , ,0,0,0, ,0, , ,03/27/1980,1750,31.55,-99.95, , ,"","",279
10131211,COLEMAN CO., ,03/27/1980,1905,Hail,.75, ,0,0,0,0,TX,CST, , ,C,83,ATA,0,0, , ,0,0,0, ,0, , ,03/27/1980,1905,31.73,-99.33, , ,"","",280
10131212,COMANCHE CO., ,03/27/1980,1935,Hail,.75, ,0,0,0,0,TX,CST, , ,C,93,ATA,0,0, , ,0,0,0, ,0, , ,03/27/1980,1935,31.85,-98.50, , ,"","",281
10001885,ESCAMBIA CO., ,03/28/1980,700,Tornado,0,F1,0,1,25000,0,FL,CST, , ,C,33, ,0,0, , ,.3,20,0, ,0, , ,03/28/1980,700,30.97,-87.43, , ,"","",282
10001886,SANTA ROSA CO., ,03/28/1980,745,Tornado,0,F1,0,0,25000,0,FL,CST, , ,C,113, ,0,0, , ,3.3,33,0, ,0, , ,03/28/1980,745,30.75,-87.17,30.78,-87.13,"","",283
10001887,FRANKLIN CO., ,03/29/1980,30,Thunderstorm Wind,0, ,0,0,0,0,FL,CST, , ,C,37,T,0,0, , ,0,0,0, ,0, , ,03/29/1980,30,29.73,-84.88, , ,"","",284
10001888,FRANKLIN CO., ,03/29/1980,100,Thunderstorm Wind,0, ,0,0,0,0,FL,CST, , ,C,37,T,0,0, , ,0,0,0, ,0, , ,03/29/1980,100,29.85,-84.67, , ,"","",285
10001889,FRANKLIN CO., ,03/29/1980,300,Thunderstorm Wind,51, ,0,0,0,0,FL,CST, , ,C,37,T,0,0, , ,0,0,0, ,0, , ,03/29/1980,300,29.92,-84.48, , ,"","",286
10131213,SMITH CO., ,03/29/1980,640,Tornado,0,F0,0,0,0,0,TX,CST, , ,C,423, ,0,0, , ,0,33,0, ,0, , ,03/29/1980,640,32.28,-95.47, , ,"","",287
10131214,CASS CO., ,03/29/1980,728,Hail,.75, ,0,0,0,0,TX,CST, , ,C,67,ATA,0,0, , ,0,0,0, ,0, , ,03/29/1980,728,33.12,-94.13, , ,"","",288
10131215,ROBERTSON CO., ,03/29/1980,745,Hail,1.75, ,0,0,0,0,TX,CST, , ,C,395,MT,0,0, , ,0,0,0, ,0, , ,03/29/1980,745,30.88,-96.60, , ,"","",289
10046106,VERMILION PAR., ,03/29/1980,755,Thunderstorm Wind,0, ,0,0,0,0,LA,CST, , ,C,113,T,0,0, , ,0,0,0, ,0, , ,03/29/1980,755,30.00,-92.28, , ,"","",290
10060610,PIKE CO., ,03/29/1980,800,Hail,1.75, ,0,0,0,0,MS,CST, , ,C,113,MT,0,0, , ,0,0,0, ,0, , ,03/29/1980,800,31.25,-90.47, , ,"","",291
10046107,OUACHITA PAR., ,03/29/1980,930,Hail,1.75, ,0,0,0,0,LA,CST, , ,C,73,RY,0,0, , ,0,0,0, ,0, , ,03/29/1980,930,32.75,-92.97, , ,"","",292
10046108,CADDO PAR., ,03/29/1980,1225,Hail,.75, ,0,0,0,0,LA,CST, , ,C,17,T,0,0, , ,0,0,0, ,0, , ,03/29/1980,1225,32.43,-93.97, , ,"","",293
10131216,HARDEMAN CO., ,03/31/1980,1945,Hail,1.75, ,0,0,0,0,TX,CST, , ,C,197,NG,0,0, , ,0,0,0, ,0, , ,03/31/1980,1945,34.27,-99.73, , ,"","",294
10105995,BECKHAM CO., ,03/31/1980,2000,Thunderstorm Wind,0, ,0,0,0,0,OK,CST, , ,C,9,ATA,0,0, , ,0,0,0, ,0, , ,03/31/1980,2000,35.37,-99.48, , ,"","",295
10105996,JACKSON CO., ,03/31/1980,2100,Tornado,0,F2,0,0,2500,0,OK,CST, , ,C,65, ,0,0, , ,.2,10,0, ,0, , ,03/31/1980,2100,34.65,-99.27, , ,"","",296
10105997,WASHITA CO., ,04/02/1980,1115,Thunderstorm Wind,80, ,0,0,0,0,OK,CST, , ,C,149,T,0,0, , ,0,0,0, ,0, , ,04/02/1980,1115,35.35,-99.17, , ,"","",297
10105998,OKLAHOMA CO., ,04/02/1980,1200,Hail,1.25, ,0,0,0,0,OK,CST, , ,C,109,ATA,0,0, , ,0,0,0, ,0, , ,04/02/1980,1200,35.48,-97.53, , ,"","",298
10131217,BAYLOR CO., ,04/02/1980,1210,Tornado,0,F4,0,0,0,0,TX,CST, , ,C,23, ,0,0, , ,8.4,250,0, ,0, , ,04/02/1980,1210,33.60,-99.18,33.68,-99.08,"","",299
10105999,OKLAHOMA CO., ,04/02/1980,1232,Hail,1.50, ,0,0,0,0,OK,CST, , ,C,109,ATA,0,0, , ,0,0,0, ,0, , ,04/02/1980,1232,35.52,-97.63, , ,"","",300
10131218,ARCHER CO., ,04/02/1980,1245,Tornado,0,F0,0,0,0,0,TX,CST, , ,C,9, ,0,0, , ,0,33,0, ,0, , ,04/02/1980,1245,33.70,-98.78, , ,"","",301
10131219,ARCHER CO., ,04/02/1980,1245,Hail,1.00, ,0,0,0,0,TX,CST, , ,C,9,ATA,0,0, , ,0,0,0, ,0, , ,04/02/1980,1245,33.70,-98.78, , ,"","",302
10131220,HASKELL CO., ,04/02/1980,1300,Thunderstorm Wind,0, ,0,0,0,0,TX,CST, , ,C,207,ATA,0,0, , ,0,0,0, ,0, , ,04/02/1980,1300,33.13,-99.75, , ,"","",303
10131221,ARCHER CO., ,04/02/1980,1315,Tornado,0,F0,0,0,0,0,TX,CST, , ,C,9, ,0,0, , ,0,33,0, ,0, , ,04/02/1980,1315,33.80,-98.78, , ,"","",304
10131222,ARCHER CO., ,04/02/1980,1315,Hail,1.75, ,0,0,0,0,TX,CST, , ,C,9,ATA,0,0, , ,0,0,0, ,0, , ,04/02/1980,1315,33.80,-98.70, , ,"","",305
10131223,ARCHER CO., ,04/02/1980,1316,Tornado,0,F0,0,0,0,0,TX,CST, , ,C,9, ,0,0, , ,0,33,0, ,0, , ,04/02/1980,1316,33.80,-98.68, , ,"","",306
10131224,YOUNG CO., ,04/02/1980,1338,Tornado,0,F1,0,0,25000,0,TX,CST, , ,C,503, ,0,0, , ,.5,27,0, ,0, , ,04/02/1980,1338,33.35,-98.75, , ,"","",307
10106000,COTTON CO., ,04/02/1980,1429,Thunderstorm Wind,0, ,0,0,0,0,OK,CST, , ,C,33,ATA,0,0, , ,0,0,0, ,0, , ,04/02/1980,1429,34.35,-98.33, , ,"","",308
10131225,WICHITA CO., ,04/02/1980,1430,Hail,1.50, ,0,0,0,0,TX,CST, , ,C,485,ATA,0,0, , ,0,0,0, ,0, , ,04/02/1980,1430,33.90,-98.50, , ,"","",309
10131226,JACK CO., ,04/02/1980,1445,Hail,2.00, ,0,0,0,0,TX,CST, , ,C,237,ATA,0,0, , ,0,0,0, ,0, , ,04/02/1980,1445,33.03,-98.07, , ,"","",310
10131227,JACK CO., ,04/02/1980,1445,Hail,2.75, ,0,0,0,0,TX,CST, , ,C,237,ATA,0,0, , ,0,0,0, ,0, , ,04/02/1980,1445,33.03,-98.07, , ,"","",311
10131228,YOUNG CO., ,04/02/1980,1445,Hail,2.00, ,0,0,0,0,TX,CST, , ,C,503,T,0,0, , ,0,0,0, ,0, , ,04/02/1980,1445,33.10,-98.60, , ,"","",312
10106001,STEPHENS CO., ,04/02/1980,1500,Hail,1.00, ,0,0,0,0,OK,CST, , ,C,137,ATA,0,0, , ,0,0,0, ,0, , ,04/02/1980,1500,34.52,-97.95, , ,"","",313
10131229,PARKER CO., ,04/02/1980,1515,Tornado,0,F2,0,1,250000,0,TX,CST, , ,C,367, ,0,0, , ,4.5,277,0, ,0, , ,04/02/1980,1515,32.95,-98.02,32.90,-97.97,"","",314
10131230,PALO PINTO CO., ,04/02/1980,1520,Tornado,0,F1,0,0,0,0,TX,CST, , ,C,363, ,0,0, , ,1,50,0, ,0, , ,04/02/1980,1520,32.77,-98.08, , ,"","",315
10131231,PALO PINTO CO., ,04/02/1980,1520,Hail,2.00, ,0,0,0,0,TX,CST, , ,C,363,ATA,0,0, , ,0,0,0, ,0, , ,04/02/1980,1520,32.90,-98.10, , ,"","",316
10131232,MONTAGUE CO., ,04/02/1980,1545,Tornado,0,F1,0,2,250000,0,TX,CST, , ,C,337, ,0,0, , ,0,33,0, ,0, , ,04/02/1980,1545,33.93,-97.83, , ,"","",317
10131233,MONTAGUE CO., ,04/02/1980,1600,Thunderstorm Wind,0, ,0,0,0,0,TX,CST, , ,C,337,ATA,0,0, , ,0,0,0, ,0, , ,04/02/1980,1600,33.88,-97.62, , ,"","",318
10106002,SEMINOLE CO., ,04/02/1980,1605,Hail,1.50, ,0,0,0,0,OK,CST, , ,C,133,ATA,0,0, , ,0,0,0, ,0, , ,04/02/1980,1605,35.20,-96.68, , ,"","",319
10131234,PARKER CO., ,04/02/1980,1615,Hail,4.50, ,0,0,0,0,TX,CST, , ,C,367,MT,0,0, , ,0,0,0, ,0, , ,04/02/1980,1615,32.77,-97.80, , ,"","",320
10106003,PITTSBURG CO., ,04/02/1980,1625,Hail,1.75, ,0,0,0,0,OK,CST, , ,C,121,T,0,0, , ,0,0,0, ,0, , ,04/02/1980,1625,34.83,-95.83, , ,"","",321
10131235,TARRANT CO., ,04/02/1980,1643,Hail,1.75, ,0,0,0,0,TX,CST, , ,C,439,T,0,0, , ,0,0,0, ,0, , ,04/02/1980,1643,32.80,-97.50, , ,"","",322
10106004,MARSHALL CO., ,04/02/1980,1715,Thunderstorm Wind,61, ,0,0,0,0,OK,CST, , ,C,95,ATA,0,0, , ,0,0,0, ,0, , ,04/02/1980,1715,34.02,-96.88, , ,"","",323
10106005,LOVE CO., ,04/02/1980,1715,Thunderstorm Wind,52, ,0,0,0,0,OK,CST, , ,C,85,LCO,0,0, , ,0,0,0, ,0, , ,04/02/1980,1715,33.93,-97.12, , ,"","",324
10131236,TARRANT CO., ,04/02/1980,1720,Hail,4.50, ,0,0,0,0,TX,CST, , ,C,439,NG,0,0, , ,0,0,0, ,0, , ,04/02/1980,1720,32.80,-97.33, , ,"","",325
10131237,TARRANT CO., ,04/02/1980,1730,Tornado,0,F0,0,0,0,0,TX,CST, , ,C,439, ,0,0, , ,0,33,0, ,0, , ,04/02/1980,1730,32.70,-97.35, , ,"","",326
10106006,MCINTOSH CO., ,04/02/1980,1740,Hail,1.75, ,0,0,0,0,OK,CST, , ,C,91,NG,0,0, , ,0,0,0, ,0, , ,04/02/1980,1740,35.28,-95.53, , ,"","",327
10106007,MCINTOSH CO., ,04/02/1980,1740,Thunderstorm Wind,0, ,0,0,0,0,OK,CST, , ,C,91,NG,0,0, , ,0,0,0, ,0, , ,04/02/1980,1740,35.28,-95.53, , ,"","",328
10131238,TARRANT CO., ,04/02/1980,1740,Hail,1.75, ,0,0,0,0,TX,CST, , ,C,439,T,0,0, , ,0,0,0, ,0, , ,04/02/1980,1740,32.73,-97.22, , ,"","",329
10106008,SEQUOYAH CO., ,04/02/1980,1745,Thunderstorm Wind,0, ,0,0,0,0,OK,CST, , ,C,135,ATA,0,0, , ,0,0,0, ,0, , ,04/02/1980,1745,35.50,-94.98, , ,"","",330
10131239,JOHNSON CO., ,04/02/1980,1746,Hail,2.75, ,0,0,0,0,TX,CST, , ,C,251,ATA,0,0, , ,0,0,0, ,0, , ,04/02/1980,1746,32.40,-97.33, , ,"","",331
10106009,HASKELL CO., ,04/02/1980,1800,Thunderstorm Wind,0, ,0,0,0,0,OK,CST, , ,C,61,ATA,0,0, , ,0,0,0, ,0, , ,04/02/1980,1800,35.30,-95.22, , ,"","",332
10131240,JOHNSON CO., ,04/02/1980,1802,Hail,2.75, ,0,0,0,0,TX,CST, , ,C,251,ATA,0,0, , ,0,0,0, ,0, , ,04/02/1980,1802,32.53,-97.32, , ,"","",333
10131241,TARRANT CO., ,04/02/1980,1825,Hail,3.00, ,0,0,0,0,TX,CST, , ,C,439,T,0,0, , ,0,0,0, ,0, , ,04/02/1980,1825,32.63,-97.32, , ,"","",334
10106010,HASKELL CO., ,04/02/1980,1830,Hail,2.50, ,0,0,0,0,OK,CST, , ,C,61,ATA,0,0, , ,0,0,0, ,0, , ,04/02/1980,1830,35.40,-94.98, , ,"","",335
10106011,BRYAN CO., ,04/02/1980,1853,Tornado,0,F2,0,0,25000,0,OK,CST, , ,C,13, ,0,0, , ,4,60,0, ,0, , ,04/02/1980,1853,34.05,-96.38, , ,"","",336
10106012,BRYAN CO., ,04/02/1980,1858,Hail,1.75, ,0,0,0,0,OK,CST, , ,C,13,ATA,0,0, , ,0,0,0, ,0, , ,04/02/1980,1858,34.05,-96.38, , ,"","",337
9981300,SEBASTIAN CO., ,04/02/1980,1924,Hail,1.00, ,0,0,0,0,AR,CST, , ,C,131,S,0,0, , ,0,0,0, ,0, , ,04/02/1980,1924,35.33,-94.37, , ,"","",338
9981301,SEBASTIAN CO., ,04/02/1980,1924,Thunderstorm Wind,60, ,0,0,0,0,AR,CST, , ,C,131,S,0,0, , ,0,0,0, ,0, , ,04/02/1980,1924,35.33,-94.37, , ,"","",339
10131242,BAYLOR CO., ,04/02/1980,1940,Hail,1.75, ,0,0,0,0,TX,CST, , ,C,23,LCO,0,0, , ,0,0,0, ,0, , ,04/02/1980,1940,34.03,-95.87, , ,"","",340
10106013,PUSHMATAHA CO., ,04/02/1980,2000,Hail,1.75, ,0,0,0,0,OK,CST, , ,C,127,MT,0,0, , ,0,0,0, ,0, , ,04/02/1980,2000,34.23,-95.62, , ,"","",341
9981302,SEBASTIAN CO., ,04/02/1980,2001,Thunderstorm Wind,0, ,0,0,0,0,AR,CST, , ,C,131,REP,0,0, , ,0,0,0, ,0, , ,04/02/1980,2001,34.95,-93.90, , ,"","",342
10131243,ELLIS CO., ,04/02/1980,2010,Hail,.75, ,0,0,0,0,TX,CST, , ,C,139,ATA,0,0, , ,0,0,0, ,0, , ,04/02/1980,2010,32.40,-96.92, , ,"","",343
10131244,HILL CO., ,04/02/1980,2010,Hail,2.75, ,0,0,0,0,TX,CST, , ,C,217,NG,0,0, , ,0,0,0, ,0, , ,04/02/1980,2010,32.10,-97.15, , ,"","",344
10106014,PUSHMATAHA CO., ,04/02/1980,2015,Hail,1.00, ,0,0,0,0,OK,CST, , ,C,127,MT,0,0, , ,0,0,0, ,0, , ,04/02/1980,2015,34.22,-95.17, , ,"","",345
9981303,JOHNSON CO., ,04/02/1980,2100,Hail,1.75, ,0,0,0,0,AR,CST, , ,C,71,ATA,0,0, , ,0,0,0, ,0, , ,04/02/1980,2100,35.47,-93.47, , ,"","",346
9977740,TALLADEGA CO., ,04/03/1980,1520,Hail,1.75, ,0,0,0,0,AL,CST, , ,C,121,NG,0,0, , ,0,0,0, ,0, , ,04/03/1980,1520,33.17,-86.25, , ,"","",347
10017310,BENTON CO., ,04/03/1980,1545,Hail,1.50, ,0,0,0,0,IN,CST, , ,C,7,ATA,0,0, , ,0,0,0, ,0, , ,04/03/1980,1545,38.83,-85.82, , ,"","",348
10017311,MONTGOMERY CO., ,04/03/1980,1613,Hail,1.00, ,0,0,0,0,IN,CST, , ,C,107,MT,0,0, , ,0,0,0, ,0, , ,04/03/1980,1613,40.05,-86.88, , ,"","",349
10017312,MONTGOMERY CO., ,04/03/1980,1743,Thunderstorm Wind,0, ,0,0,0,0,IN,CST, , ,C,107,MT,0,0, , ,0,0,0, ,0, , ,04/03/1980,1743,40.03,-86.90, , ,"","",350
9977741,GENEVA CO., ,04/03/1980,1800,Hail,1.75, ,0,0,0,0,AL,CST, , ,C,61,LCO,0,0, , ,0,0,0, ,0, , ,04/03/1980,1800,31.03,-85.88, , ,"","",351
9977742,LEE CO., ,04/03/1980,1815,Hail,1.75, ,0,0,0,0,AL,CST, , ,C,81,NG,0,0, , ,0,0,0, ,0, , ,04/03/1980,1815,32.62,-85.47, , ,"","",352
10096631,WOOD CO., ,04/03/1980,1920,Tornado,0,F1,0,0,250000,0,OH,CST, , ,C,173, ,0,0, , ,.3,40,0, ,0, , ,04/03/1980,1920,41.57,-83.63, , ,"","",353
10096632,AUGLAIZE CO., ,04/03/1980,1930,Tornado,0,F1,0,0,250000,0,OH,CST, , ,C,11, ,0,0, , ,1,77,0, ,0, , ,04/03/1980,1930,40.63,-84.20, , ,"","",354
10096633,WOOD CO., ,04/03/1980,1930,Thunderstorm Wind,70, ,0,0,0,0,OH,CST, , ,C,173,ATA,0,0, , ,0,0,0, ,0, , ,04/03/1980,1930,41.37,-83.70, , ,"","",355
10096634,WOOD CO., ,04/03/1980,1930,Thunderstorm Wind,0, ,0,0,0,0,OH,CST, , ,C,173,RY,0,0, , ,0,0,0, ,0, , ,04/03/1980,1930,41.28,-83.85, , ,"","",356
9995568,DECATUR CO., ,04/03/1980,2010,Hail,1.75, ,0,0,0,0,GA,CST, , ,C,87,T,0,0, , ,0,0,0, ,0, , ,04/03/1980,2010,30.75,-84.48, , ,"","",357
9995569,GRADY CO., ,04/03/1980,2015,Hail,2.50, ,0,0,0,0,GA,CST, , ,C,131,T,0,0, , ,0,0,0, ,0, , ,04/03/1980,2015,30.87,-84.20, , ,"","",358
10001890,ESCAMBIA CO., ,04/04/1980,330,Hail,1.75, ,0,0,0,0,FL,CST, , ,C,33,MT,0,0, , ,0,0,0, ,0, , ,04/04/1980,330,30.38,-87.27, , ,"","",359
9995570,BAKER CO., ,04/04/1980,600,Tornado,0,F1,0,0,2500,0,GA,CST, , ,C,7, ,0,0, , ,.1,20,0, ,0, , ,04/04/1980,600,31.38,-84.57, , ,"","",360
9995571,TIFT CO., ,04/04/1980,755,Thunderstorm Wind,0, ,0,0,0,0,GA,CST, , ,C,277,T,0,0, , ,0,0,0, ,0, , ,04/04/1980,755,31.47,-83.52, , ,"","",361
9995572,COFFEE CO., ,04/04/1980,820,Tornado,0,F1,0,0,2500000,0,GA,CST, , ,C,69, ,0,0, , ,.2,50,0, ,0, , ,04/04/1980,820,31.50,-82.85, , ,"","",362
9995573,COFFEE CO., ,04/04/1980,820,Hail,.75, ,0,0,0,0,GA,CST, , ,C,69,T,0,0, , ,0,0,0, ,0, , ,04/04/1980,820,31.50,-82.85, , ,"","",363
9995574,COFFEE CO., ,04/04/1980,820,Thunderstorm Wind,0, ,0,0,0,0,GA,CST, , ,C,69,T,0,0, , ,0,0,0, ,0, , ,04/04/1980,820,31.63,-82.90, , ,"","",364
9995575,BERRIEN CO., ,04/04/1980,1000,Tornado,0,F1,0,0,2500,0,GA,CST, , ,C,19, ,0,0, , ,.2,20,0, ,0, , ,04/04/1980,1000,31.28,-83.05, , ,"","",365
10089955,BRUNSWICK CO., ,04/04/1980,1143,Hail,.75, ,0,0,0,0,NC,CST, , ,C,19,T,0,0, , ,0,0,0, ,0, , ,04/04/1980,1143,34.07,-77.95, , ,"","",366
10089956,NEW HANOVER CO., ,04/04/1980,1158,Hail,.75, ,0,0,0,0,NC,CST, , ,C,129,ATA,0,0, , ,0,0,0, ,0, , ,04/04/1980,1158,34.28,-77.83, , ,"","",367
10089957,NEW HANOVER CO., ,04/04/1980,1158,Hail,1.75, ,0,0,0,0,NC,CST, , ,C,129,T,0,0, , ,0,0,0, ,0, , ,04/04/1980,1158,34.23,-77.93, , ,"","",368
10153259,NORFOLK (C) CO., ,04/04/1980,1455,Thunderstorm Wind,52, ,0,0,0,0,VA,CST, , ,C,710,MT,0,0, , ,0,0,0, ,0, , ,04/04/1980,1455,36.87,-76.27, , ,"","",369
10153260,VIRGINIA BEACH (C) CO., ,04/04/1980,1500,Thunderstorm Wind,85, ,0,0,0,0,VA,CST, , ,C,810,ATA,0,0, , ,0,0,0, ,0, , ,04/04/1980,1500,36.92,-76.02, , ,"","",370
10153261,NORFOLK (C) CO., ,04/04/1980,1505,Tornado,0,F1,0,1,250000,0,VA,CST, , ,C,710, ,0,0, , ,.2,30,0, ,0, , ,04/04/1980,1505,36.93,-76.18, , ,"","",371
10153262,NORFOLK (C) CO., ,04/04/1980,1510,Thunderstorm Wind,85, ,0,0,0,0,VA,CST, , ,C,710,MT,0,0, , ,0,0,0, ,0, , ,04/04/1980,1510,36.93,-76.28, , ,"","",372
10042140,WORCESTER CO., ,04/04/1980,1512,Tornado,0,F1,0,0,25000,0,MD,CST, , ,C,47, ,0,0, , ,.1,17,0, ,0, , ,04/04/1980,1512,38.07,-75.57, , ,"","",373
10089958,CHOWAN CO., ,04/04/1980,1600,Thunderstorm Wind,78, ,0,0,0,0,NC,CST, , ,C,41,MT,0,0, , ,0,0,0, ,0, , ,04/04/1980,1600,36.00,-76.55, , ,"","",374
9991275,KINGS CO., ,04/05/1980,1140,Tornado,0,F2,0,1,250000,0,CA,CST, , ,C,31, ,0,0, , ,8.9,10,0, ,0, , ,04/05/1980,1140,36.37,-119.70,36.32,-119.55,"","",375
9991276,TULARE CO., ,04/05/1980,1230,Tornado,0,F2,0,0,2500,0,CA,CST, , ,C,107, ,0,0, , ,6.1,33,0, ,0, , ,04/05/1980,1230,36.32,-119.55,36.28,-119.45,"","",376
10160766,CARBON CO., ,04/06/1980,1557,Thunderstorm Wind,54, ,0,0,0,0,WY,CST, , ,C,7,S,0,0, , ,0,0,0, ,0, , ,04/06/1980,1557,41.80,-107.20, , ,"","",377
10046109,CALDWELL PAR., ,04/06/1980,1640,Hail,1.75, ,0,0,0,0,LA,CST, , ,C,21,MT,0,0, , ,0,0,0, ,0, , ,04/06/1980,1640,32.17,-92.00, , ,"","",378
10046110,FRANKLIN PAR., ,04/06/1980,1710,Hail,1.75, ,0,0,0,0,LA,CST, , ,C,41,NG,0,0, , ,0,0,0, ,0, , ,04/06/1980,1710,32.25,-91.58, , ,"","",379
10058516,PETTIS CO., ,04/06/1980,2315,Hail,1.75, ,0,0,0,0,MO,CST, , ,C,159,NG,0,0, , ,0,0,0, ,0, , ,04/06/1980,2315,38.70,-93.23, , ,"","",380
10001891,HENDRY CO., ,04/07/1980,1215,Tornado,0,F1,0,0,250000,0,FL,CST, , ,C,51, ,0,0, , ,.3,20,0, ,0, , ,04/07/1980,1215,26.75,-80.93, , ,"","",381
9998314,SARASOTA CO., ,04/07/1980,1330,Thunderstorm Wind,0, ,0,0,0,0,FL,CST, , ,C,115,ATA,0,0, , ,0,0,0, ,0, , ,04/07/1980,1330,27.33,-82.53, , ,"","",382
10131245,CORYELL CO., ,04/07/1980,1410,Hail,1.75, ,0,0,0,0,TX,CST, , ,C,99,MT,0,0, , ,0,0,0, ,0, , ,04/07/1980,1410,31.43,-98.08, , ,"","",383
10146963,TREMPEALEAU CO., ,04/07/1980,1445,Tornado,0,F0,0,0,2500,0,WI,CST, , ,C,121, ,0,0, , ,.5,33,0, ,0, , ,04/07/1980,1445,44.30,-91.25, , ,"","",384
10146964,DANE CO., ,04/07/1980,1450,Hail,.75, ,0,0,0,0,WI,CST, , ,C,25,ATA,0,0, , ,0,0,0, ,0, , ,04/07/1980,1450,43.18,-89.20, , ,"","",385
10131246,BURNET CO., ,04/07/1980,1515,Hail,1.75, ,0,0,0,0,TX,CST, , ,C,53,NG,0,0, , ,0,0,0, ,0, , ,04/07/1980,1515,30.75,-98.22, , ,"","",386
10146965,COLUMBIA CO., ,04/07/1980,1515,Hail,1.50, ,0,0,0,0,WI,CST, , ,C,21,ATA,0,0, , ,0,0,0, ,0, , ,04/07/1980,1515,43.33,-89.02, , ,"","",387
10131247,WILLIAMSON CO., ,04/07/1980,1530,Hail,1.75, ,0,0,0,0,TX,CST, , ,C,491,ATA,0,0, , ,0,0,0, ,0, , ,04/07/1980,1530,30.83,-97.80, , ,"","",388
10131248,BURNET CO., ,04/07/1980,1530,Hail,1.75, ,0,0,0,0,TX,CST, , ,C,53,NG,0,0, , ,0,0,0, ,0, , ,04/07/1980,1530,30.87,-97.92, , ,"","",389
10146966,DODGE CO., ,04/07/1980,1535,Tornado,0,F3,0,4,250000,0,WI,CST, , ,C,27, ,0,0, , ,1.2,67,0, ,0, , ,04/07/1980,1535,43.48,-88.97, , ,"","",390
10131249,WILLIAMSON CO., ,04/07/1980,1540,Hail,1.75, ,0,0,0,0,TX,CST, , ,C,491,ATA,0,0, , ,0,0,0, ,0, , ,04/07/1980,1540,30.63,-97.67, , ,"","",391
10131250,DALLAS CO., ,04/07/1980,1540,Hail,1.75, ,0,0,0,0,TX,CST, , ,C,113,RY,0,0, , ,0,0,0, ,0, , ,04/07/1980,1540,32.63,-96.53, , ,"","",392
10148092,DODGE CO., ,04/07/1980,1541,Tornado,0,F2,0,16,2500000,0,WI,CST, , ,C,27, ,0,0, , ,11.5,70,0, ,0, , ,04/07/1980,1541,43.47,-88.95,43.50,-88.72,"","",393
10131251,WILLIAMSON CO., ,04/07/1980,1550,Hail,1.75, ,0,0,0,0,TX,CST, , ,C,491,ATA,0,0, , ,0,0,0, ,0, , ,04/07/1980,1550,30.57,-97.42, , ,"","",394
10131252,MCLENNAN CO., ,04/07/1980,1600,Hail,1.75, ,0,0,0,0,TX,CST, , ,C,309,NG,0,0, , ,0,0,0, ,0, , ,04/07/1980,1600,31.45,-97.20, , ,"","",395
10148093,DODGE CO., ,04/07/1980,1605,Tornado,0,F2,0,0,250000,0,WI,CST, , ,C,27, ,0,0, , ,10.2,50,0, ,0, , ,04/07/1980,1605,43.35,-88.78,43.47,-88.65,"","",396
10148094,DODGE CO., ,04/07/1980,1614,Tornado,0,F2,0,0,250000,0,WI,CST, , ,C,27, ,0,0, , ,0,67,0, ,0, , ,04/07/1980,1614,43.43,-88.45,43.45,-88.42,"","",397
10106015,SEQUOYAH CO., ,04/07/1980,1615,Hail,1.75, ,0,0,0,0,OK,CST, , ,C,135,RY,0,0, , ,0,0,0, ,0, , ,04/07/1980,1615,35.53,-95.12, , ,"","",398
10148095,WASHINGTON CO., ,04/07/1980,1620,Tornado,0,F2,0,2,250000,0,WI,CST, , ,C,131, ,0,0, , ,6.1,33,0, ,0, , ,04/07/1980,1620,43.45,-88.42,43.45,-88.28,"","",399
10106016,LE FLORE CO., ,04/07/1980,1625,Hail,2.75, ,0,0,0,0,OK,CST, , ,C,79,RY,0,0, , ,0,0,0, ,0, , ,04/07/1980,1625,35.05,-94.62, , ,"","",400
10131253,WILLIAMSON CO., ,04/07/1980,1626,Hail,1.50, ,0,0,0,0,TX,CST, , ,C,491,RY,0,0, , ,0,0,0, ,0, , ,04/07/1980,1626,30.58,-97.85, , ,"","",401
10106017,LE FLORE CO., ,04/07/1980,1630,Tornado,0,F3,0,9,2500000,0,OK,CST, , ,C,79, ,0,0, , ,.5,127,0, ,0, , ,04/07/1980,1630,35.13,-94.55, , ,"","",402
9998315,COLLIER CO., ,04/07/1980,1630,Thunderstorm Wind,56, ,0,0,0,0,FL,CST, , ,C,21,NG,0,0, , ,0,0,0, ,0, , ,04/07/1980,1630,26.13,-81.80, , ,"","",403
10131254,TRAVIS CO., ,04/07/1980,1630,Hail,1.75, ,0,0,0,0,TX,CST, , ,C,453,ATA,0,0, , ,0,0,0, ,0, , ,04/07/1980,1630,30.43,-97.62, , ,"","",404
10131255,TRAVIS CO., ,04/07/1980,1635,Hail,1.75, ,0,0,0,0,TX,CST, , ,C,453,ATA,0,0, , ,0,0,0, ,0, , ,04/07/1980,1635,30.40,-97.40, , ,"","",405
10131256,DELTA CO., ,04/07/1980,1640,Hail,1.75, ,0,0,0,0,TX,CST, , ,C,119,NG,0,0, , ,0,0,0, ,0, , ,04/07/1980,1640,33.37,-95.68, , ,"","",406
10106018,OSAGE CO., ,04/07/1980,1645,Tornado,0,F2,0,1,250000,0,OK,CST, , ,C,113, ,0,0, , ,1.5,440,0, ,0, , ,04/07/1980,1645,36.87,-96.00, , ,"","",407
10131257,GILLESPIE CO., ,04/07/1980,1645,Hail,1.75, ,0,0,0,0,TX,CST, , ,C,171,ATA,0,0, , ,0,0,0, ,0, , ,04/07/1980,1645,30.18,-98.75, , ,"","",408
10131258,WILLIAMSON CO., ,04/07/1980,1648,Tornado,0,F3,1,2,250000,0,TX,CST, , ,C,491, ,0,0, , ,6.5,100,0, ,0, , ,04/07/1980,1648,30.52,-97.70,30.48,-97.60,"","",409
10106881,MAYES CO., ,04/07/1980,1650,Tornado,0,F3,0,0,2500000,0,OK,CST, , ,C,97, ,0,0, , ,7.2,440,0, ,0, , ,04/07/1980,1650,36.45,-95.20,36.50,-95.08,"","",410
10106882,LE FLORE CO., ,04/07/1980,1650,Thunderstorm Wind,0, ,0,0,0,0,OK,CST, , ,C,79,RY,0,0, , ,0,0,0, ,0, , ,04/07/1980,1650,35.05,-94.62, , ,"","",411
10131259,WILLIAMSON CO., ,04/07/1980,1650,Hail,1.75, ,0,0,0,0,TX,CST, , ,C,491,RY,0,0, , ,0,0,0, ,0, , ,04/07/1980,1650,30.75,-97.52, , ,"","",412
10106883,CRAIG CO., ,04/07/1980,1655,Tornado,0,F3,0,4,2500000,0,OK,CST, , ,C,35, ,0,0, , ,6.4,33,0, ,0, , ,04/07/1980,1655,36.50,-95.08,36.57,-95.00,"","",413
10131260,HOPKINS CO., ,04/07/1980,1655,Hail,.75, ,0,0,0,0,TX,CST, , ,C,223,ATA,0,0, , ,0,0,0, ,0, , ,04/07/1980,1655,33.18,-95.67, , ,"","",414
10106884,DELAWARE CO., ,04/07/1980,1700,Tornado,0,F2,0,0,250000,0,OK,CST, , ,C,41, ,0,0, , ,1,200,0, ,0, , ,04/07/1980,1700,36.42,-94.80, , ,"","",415
10058517,ST. CHARLES CO., ,04/07/1980,1700,Hail,1.75, ,0,0,0,0,MO,CST, , ,C,183,T,0,0, , ,0,0,0, ,0, , ,04/07/1980,1700,38.78,-90.50, , ,"","",416
10106885,DELAWARE CO., ,04/07/1980,1700,Tornado,0,F3,0,0,2500000,0,OK,CST, , ,C,41, ,0,0, , ,9.3,33,0, ,0, , ,04/07/1980,1700,36.57,-95.00,36.67,-94.88,"","",417
10106886,DELAWARE CO., ,04/07/1980,1700,Hail,1.75, ,0,0,0,0,OK,CST, , ,C,41,ATA,0,0, , ,0,0,0, ,0, , ,04/07/1980,1700,36.42,-94.80, , ,"","",418
9981304,SEBASTIAN CO., ,04/07/1980,1710,Tornado,0,F2,0,8,250000,0,AR,CST, , ,C,131, ,0,0, , ,5.4,100,0, ,0, , ,04/07/1980,1710,35.13,-94.37,35.13,-94.27,"","",419
10058518,DADE CO., ,04/07/1980,1715,Hail,1.00, ,0,0,0,0,MO,CST, , ,C,57,RY,0,0, , ,0,0,0, ,0, , ,04/07/1980,1715,37.38,-93.97, , ,"","",420
10106887,CRAIG CO., ,04/07/1980,1715,Hail,2.50, ,0,0,0,0,OK,CST, , ,C,35,ATA,0,0, , ,0,0,0, ,0, , ,04/07/1980,1715,36.52,-95.02, , ,"","",421
10106888,ROGERS CO., ,04/07/1980,1715,Thunderstorm Wind,0, ,0,0,0,0,OK,CST, , ,C,131,RY,0,0, , ,0,0,0, ,0, , ,04/07/1980,1715,35.07,-94.25, , ,"","",422
10131261,BLANCO CO., ,04/07/1980,1715,Hail,1.75, ,0,0,0,0,TX,CST, , ,C,31,ATA,0,0, , ,0,0,0, ,0, , ,04/07/1980,1715,30.20,-98.50, , ,"","",423
9981305,FRANKLIN CO., ,04/07/1980,1720,Thunderstorm Wind,0, ,0,0,0,0,AR,CST, , ,C,47,RY,0,0, , ,0,0,0, ,0, , ,04/07/1980,1720,35.30,-94.03, , ,"","",424
10131262,FRANKLIN CO., ,04/07/1980,1720,Hail,1.75, ,0,0,0,0,TX,CST, , ,C,159,RY,0,0, , ,0,0,0, ,0, , ,04/07/1980,1720,33.18,-95.23, , ,"","",425
10007110,JERSEY CO., ,04/07/1980,1725,Hail,1.00, ,0,0,0,0,IL,CST, , ,C,83,ATA,0,0, , ,0,0,0, ,0, , ,04/07/1980,1725,39.12,-90.32, , ,"","",426
9981306,YELL CO., ,04/07/1980,1730,Hail,1.75, ,0,0,0,0,AR,CST, , ,C,149,NG,0,0, , ,0,0,0, ,0, , ,04/07/1980,1730,35.93,-93.23, , ,"","",427
9981307,CRAWFORD CO., ,04/07/1980,1730,Hail,1.75, ,0,0,0,0,AR,CST, , ,C,33,T,0,0, , ,0,0,0, ,0, , ,04/07/1980,1730,35.63,-94.17, , ,"","",428
9981308,YELL CO., ,04/07/1980,1730,Hail,1.75, ,0,0,0,0,AR,CST, , ,C,149,T,0,0, , ,0,0,0, ,0, , ,04/07/1980,1730,34.95,-93.33, , ,"","",429
10106889,OTTAWA CO., ,04/07/1980,1730,Tornado,0,F3,0,0,2500000,0,OK,CST, , ,C,115, ,0,0, , ,1.9,33,0, ,0, , ,04/07/1980,1730,36.67,-94.88,36.68,-94.85,"","",430
10106890,MCCURTAIN CO., ,04/07/1980,1730,Hail,1.75, ,0,0,0,0,OK,CST, , ,C,89,NG,0,0, , ,0,0,0, ,0, , ,04/07/1980,1730,33.90,-94.83, , ,"","",431
10131265,CAMP CO., ,04/07/1980,1730,Hail,1.75, ,0,0,0,0,TX,CST, , ,C,63,NG,0,0, , ,0,0,0, ,0, , ,04/07/1980,1730,33.00,-94.97, , ,"","",432
10131263,TRAVIS CO., ,04/07/1980,1730,Tornado,0,F3,0,3,250000,0,TX,CST, , ,C,453, ,0,0, , ,5.7,33,0, ,0, , ,04/07/1980,1730,30.48,-97.60,30.45,-97.52,"","",433
10131264,BASTROP CO., ,04/07/1980,1730,Hail,1.75, ,0,0,0,0,TX,CST, , ,C,21,ATA,0,0, , ,0,0,0, ,0, , ,04/07/1980,1730,30.35,-97.37, , ,"","",434
9981309,YELL CO., ,04/07/1980,1735,Hail,4.00, ,0,0,0,0,AR,CST, , ,C,149,NG,0,0, , ,0,0,0, ,0, , ,04/07/1980,1735,34.88,-93.38, , ,"","",435
9981310,LOGAN CO., ,04/07/1980,1740,Hail,2.00, ,0,0,0,0,AR,CST, , ,C,83,RY,0,0, , ,0,0,0, ,0, , ,04/07/1980,1740,35.13,-93.93, , ,"","",436
10106891,MAJOR CO., ,04/07/1980,1740,Hail,1.75, ,0,0,0,0,OK,CST, , ,C,93,NG,0,0, , ,0,0,0, ,0, , ,04/07/1980,1740,36.27,-98.48, , ,"","",437
9998316,MIAMI-DADE CO., ,04/07/1980,1740,Hail,1.00, ,0,0,0,0,FL,CST, , ,C,86,T,0,0, , ,0,0,0, ,0, , ,04/07/1980,1740,25.47,-80.47, , ,"","",438
10131266,LEE CO., ,04/07/1980,1740,Hail,1.75, ,0,0,0,0,TX,CST, , ,C,287,ATA,0,0, , ,0,0,0, ,0, , ,04/07/1980,1740,30.40,-97.25, , ,"","",439
9981311,PERRY CO., ,04/07/1980,1744,Hail,1.75, ,0,0,0,0,AR,CST, , ,C,105,T,0,0, , ,0,0,0, ,0, , ,04/07/1980,1744,34.95,-93.07, , ,"","",440
10058519,HICKORY CO., ,04/07/1980,1744,Hail,1.00, ,0,0,0,0,MO,CST, , ,C,85,RY,0,0, , ,0,0,0, ,0, , ,04/07/1980,1744,37.93,-93.33, , ,"","",441
10058520,POLK CO., ,04/07/1980,1744,Hail,1.00, ,0,0,0,0,MO,CST, , ,C,167,RY,0,0, , ,0,0,0, ,0, , ,04/07/1980,1744,37.62,-93.42, , ,"","",442
9981312,LOGAN CO., ,04/07/1980,1748,Thunderstorm Wind,0, ,0,0,0,0,AR,CST, , ,C,83,RY,0,0, , ,0,0,0, ,0, , ,04/07/1980,1748,35.13,-93.93, , ,"","",443
9981313,YELL CO., ,04/07/1980,1749,Hail,2.75, ,0,0,0,0,AR,CST, , ,C,149,RY,0,0, , ,0,0,0, ,0, , ,04/07/1980,1749,35.03,-93.22, , ,"","",444
10107109,WASHINGTON CO., ,04/07/1980,1750,Thunderstorm Wind,0, ,0,0,0,0,OK,CST, , ,C,147,T,0,0, , ,0,0,0, ,0, , ,04/07/1980,1750,36.87,-95.03, , ,"","",445
10131267,BASTROP CO., ,04/07/1980,1750,Tornado,0,F3,0,0,250000,0,TX,CST, , ,C,21, ,0,0, , ,16.5,33,0, ,0, , ,04/07/1980,1750,30.45,-97.52,30.38,-97.25,"","",446
10007111,GREENE CO., ,04/07/1980,1758,Hail,1.50, ,0,0,0,0,IL,CST, , ,C,61,T,0,0, , ,0,0,0, ,0, , ,04/07/1980,1758,39.33,-90.22, , ,"","",447
10007112,JERSEY CO., ,04/07/1980,1758,Hail,.75, ,0,0,0,0,IL,CST, , ,C,83,T,0,0, , ,0,0,0, ,0, , ,04/07/1980,1758,39.12,-90.32, , ,"","",448
10131268,EASTLAND CO., ,04/07/1980,1758,Hail,1.75, ,0,0,0,0,TX,CST, , ,C,133,RY,0,0, , ,0,0,0, ,0, , ,04/07/1980,1758,34.15,-94.48, , ,"","",449
10131269,CAMP CO., ,04/07/1980,1800,Tornado,0,F0,0,0,0,0,TX,CST, , ,C,63, ,0,0, , ,0,33,0, ,0, , ,04/07/1980,1800,33.00,-94.93, , ,"","",450
10131270,CAMP CO., ,04/07/1980,1800,Hail,1.75, ,0,0,0,0,TX,CST, , ,C,63,RY,0,0, , ,0,0,0, ,0, , ,04/07/1980,1800,32.98,-95.08, , ,"","",451
10023164,CRAWFORD CO., ,04/07/1980,1805,Thunderstorm Wind,56, ,0,0,0,0,KS,CST, , ,C,37,RY,0,0, , ,0,0,0, ,0, , ,04/07/1980,1805,37.22,-94.70, , ,"","",452
10131271,LEE CO., ,04/07/1980,1805,Tornado,0,F3,0,0,250000,0,TX,CST, , ,C,287, ,0,0, , ,3,33,0, ,0, , ,04/07/1980,1805,30.38,-97.25,30.35,-97.22,"","",453
9981314,SEARCY CO., ,04/07/1980,1820,Tornado,0,F1,0,0,25000,0,AR,CST, , ,C,129, ,0,0, , ,1.5,200,0, ,0, , ,04/07/1980,1820,35.88,-92.60, , ,"","",454
9981315,LOGAN CO., ,04/07/1980,1830,Tornado,0,F2,0,1,250000,0,AR,CST, , ,C,83, ,0,0, , ,20.9,200,0, ,0, , ,04/07/1980,1830,35.03,-94.05,35.13,-93.70,"","",455
9981316,FAULKNER CO., ,04/07/1980,1830,Tornado,0,F2,0,15,2500000,0,AR,CST, , ,C,45, ,0,0, , ,13.5,1320,0, ,0, , ,04/07/1980,1830,34.90,-92.43,34.98,-92.22,"","",456
9981317,FAULKNER CO., ,04/07/1980,1830,Hail,2.75, ,0,0,0,0,AR,CST, , ,C,45,ATA,0,0, , ,0,0,0, ,0, , ,04/07/1980,1830,34.90,-92.43, , ,"","",457
10058521,CEDAR CO., ,04/07/1980,1830,Thunderstorm Wind,52, ,0,0,0,0,MO,CST, , ,C,39,RY,0,0, , ,0,0,0, ,0, , ,04/07/1980,1830,37.70,-93.80, , ,"","",458
9981318,PULASKI CO., ,04/07/1980,1835,Tornado,0,F2,0,0,2500000,0,AR,CST, , ,C,119, ,0,0, , ,7.6,33,0, ,0, , ,04/07/1980,1835,34.98,-92.22,35.03,-92.10,"","",459
10058522,DALLAS CO., ,04/07/1980,1835,Hail,1.00, ,0,0,0,0,MO,CST, , ,C,59,RY,0,0, , ,0,0,0, ,0, , ,04/07/1980,1835,37.65,-93.10, , ,"","",460
9981319,GARLAND CO., ,04/07/1980,1850,Hail,1.00, ,0,0,0,0,AR,CST, , ,C,51,NG,0,0, , ,0,0,0, ,0, , ,04/07/1980,1850,34.50,-93.18, , ,"","",461
9981320,PULASKI CO., ,04/07/1980,1855,Hail,2.75, ,0,0,0,0,AR,CST, , ,C,119,ATA,0,0, , ,0,0,0, ,0, , ,04/07/1980,1855,34.95,-92.20, , ,"","",462
9981321,FRANKLIN CO., ,04/07/1980,1857,Hail,.75, ,0,0,0,0,AR,CST, , ,C,47,RY,0,0, , ,0,0,0, ,0, , ,04/07/1980,1857,35.50,-93.83, , ,"","",463
9981322,YELL CO., ,04/07/1980,1900,Tornado,0,F2,0,0,250000,0,AR,CST, , ,C,149, ,0,0, , ,0,33,0, ,0, , ,04/07/1980,1900,35.13,-93.70,35.13,-93.68,"","",464
9981323,FAULKNER CO., ,04/07/1980,1900,Thunderstorm Wind,0, ,0,0,0,0,AR,CST, , ,C,45,NG,0,0, , ,0,0,0, ,0, , ,04/07/1980,1900,34.95,-92.43, , ,"","",465
9981324,CONWAY CO., ,04/07/1980,1905,Tornado,0,F1,0,0,250000,0,AR,CST, , ,C,29, ,0,0, , ,.3,50,0, ,0, , ,04/07/1980,1905,35.17,-92.77, , ,"","",466
9981325,PULASKI CO., ,04/07/1980,1907,Thunderstorm Wind,51, ,0,0,0,0,AR,CST, , ,C,119,S,0,0, , ,0,0,0, ,0, , ,04/07/1980,1907,34.92,-92.15, , ,"","",467
9981326,LONOKE CO., ,04/07/1980,1910,Hail,2.75, ,0,0,0,0,AR,CST, , ,C,85,ATA,0,0, , ,0,0,0, ,0, , ,04/07/1980,1910,35.03,-91.97, , ,"","",468
10017313,PORTER CO., ,04/07/1980,1910,Hail,.75, ,0,0,0,0,IN,CST, , ,C,127,ATA,0,0, , ,0,0,0, ,0, , ,04/07/1980,1910,41.50,-87.10, , ,"","",469
10017314,PORTER CO., ,04/07/1980,1910,Thunderstorm Wind,0, ,0,0,0,0,IN,CST, , ,C,127,T,0,0, , ,0,0,0, ,0, , ,04/07/1980,1910,41.50,-87.10, , ,"","",470
10127670,LIVE OAK CO., ,04/07/1980,1915,Hail,.75, ,0,0,0,0,TX,CST, , ,C,297,ATA,0,0, , ,0,0,0, ,0, , ,04/07/1980,1915,28.47,-98.17, , ,"","",471
9981327,LONOKE CO., ,04/07/1980,1918,Tornado,0,F2,0,0,2500000,0,AR,CST, , ,C,85, ,0,0, , ,11.9,33,0, ,0, , ,04/07/1980,1918,35.03,-92.10,35.08,-91.90,"","",472
9981328,JOHNSON CO., ,04/07/1980,1918,Tornado,0,F3,0,76,2500000,0,AR,CST, , ,C,71, ,0,0, , ,3.6,1707,0, ,0, , ,04/07/1980,1918,35.45,-93.50,35.48,-93.45,"","",473
9981329,YELL CO., ,04/07/1980,1924,Tornado,0,F2,0,0,250000,0,AR,CST, , ,C,149, ,0,0, , ,4.1,150,0, ,0, , ,04/07/1980,1924,34.85,-93.40,34.87,-93.33,"","",474
9981330,YELL CO., ,04/07/1980,1924,Hail,4.00, ,0,0,0,0,AR,CST, , ,C,149,ATA,0,0, , ,0,0,0, ,0, , ,04/07/1980,1924,34.85,-93.37, , ,"","",475
9981331,YELL CO., ,04/07/1980,1930,Hail,2.00, ,0,0,0,0,AR,CST, , ,C,149,NG,0,0, , ,0,0,0, ,0, , ,04/07/1980,1930,34.95,-93.33, , ,"","",476
9981332,LOGAN CO., ,04/07/1980,1930,Thunderstorm Wind,0, ,0,0,0,0,AR,CST, , ,C,83,RY,0,0, , ,0,0,0, ,0, , ,04/07/1980,1930,35.13,-93.72, , ,"","",477
10058523,CAMDEN CO., ,04/07/1980,1935,Tornado,0,F2,0,3,2500000,0,MO,CST, , ,C,29, ,0,0, , ,0,50,0, ,0, , ,04/07/1980,1935,37.85,-92.42,37.87,-92.40,"","",478
10058524,PULASKI CO., ,04/07/1980,1938,Tornado,0,F2,0,0,2500000,0,MO,CST, , ,C,169, ,0,0, , ,14.1,33,0, ,0, , ,04/07/1980,1938,37.87,-92.40,37.98,-92.18,"","",479
9981333,WHITE CO., ,04/07/1980,1940,Hail,2.75, ,0,0,0,0,AR,CST, , ,C,145,ATA,0,0, , ,0,0,0, ,0, , ,04/07/1980,1940,35.12,-92.43, , ,"","",480
9981334,WHITE CO., ,04/07/1980,1948,Tornado,0,F2,0,0,2500000,0,AR,CST, , ,C,145, ,0,0, , ,4.5,33,0, ,0, , ,04/07/1980,1948,35.08,-91.90,35.12,-91.83,"","",481
9981335,FAULKNER CO., ,04/07/1980,1950,Hail,1.75, ,0,0,0,0,AR,CST, , ,C,45,ATA,0,0, , ,0,0,0, ,0, , ,04/07/1980,1950,35.08,-92.22, , ,"","",482
10107110,CREEK CO., ,04/07/1980,1955,Hail,1.75, ,0,0,0,0,OK,CST, , ,C,37,MT,0,0, , ,0,0,0, ,0, , ,04/07/1980,1955,36.00,-96.10, , ,"","",483
9981336,WHITE CO., ,04/07/1980,1957,Hail,2.00, ,0,0,0,0,AR,CST, , ,C,145,T,0,0, , ,0,0,0, ,0, , ,04/07/1980,1957,35.25,-91.75, , ,"","",484
9981337,SCOTT CO., ,04/07/1980,1958,Hail,1.75, ,0,0,0,0,AR,CST, , ,C,127,RY,0,0, , ,0,0,0, ,0, , ,04/07/1980,1958,34.80,-94.03, , ,"","",485
9981338,PULASKI CO., ,04/07/1980,2000,Tornado,0,F2,0,5,2500000,0,AR,CST, , ,C,119, ,0,0, , ,18.1,880,0, ,0, , ,04/07/1980,2000,34.75,-92.58,34.78,-92.27,"","",486
9981339,PULASKI CO., ,04/07/1980,2000,Hail,2.75, ,0,0,0,0,AR,CST, , ,C,119,ATA,0,0, , ,0,0,0, ,0, , ,04/07/1980,2000,34.75,-92.58, , ,"","",487
9981340,WHITE CO., ,04/07/1980,2005,Hail,2.00, ,0,0,0,0,AR,CST, , ,C,145,T,0,0, , ,0,0,0, ,0, , ,04/07/1980,2005,35.12,-92.10, , ,"","",488
9981341,PULASKI CO., ,04/07/1980,2010,Hail,2.75, ,0,0,0,0,AR,CST, , ,C,119,ATA,0,0, , ,0,0,0, ,0, , ,04/07/1980,2010,34.78,-92.27, , ,"","",489
9981342,WHITE CO., ,04/07/1980,2015,Thunderstorm Wind,0, ,0,0,0,0,AR,CST, , ,C,145,T,0,0, , ,0,0,0, ,0, , ,04/07/1980,2015,35.07,-91.90, , ,"","",490
9981343,PULASKI CO., ,04/07/1980,2017,Tornado,0,F0,0,0,0,0,AR,CST, , ,C,119, ,0,0, , ,7.4,50,0, ,0, , ,04/07/1980,2017,34.90,-92.37,34.85,-92.25,"","",491
9981344,PULASKI CO., ,04/07/1980,2020,Hail,1.75, ,0,0,0,0,AR,CST, , ,C,119,T,0,0, , ,0,0,0, ,0, , ,04/07/1980,2020,34.88,-92.37, , ,"","",492
9981345,PULASKI CO., ,04/07/1980,2020,Thunderstorm Wind,0, ,0,0,0,0,AR,CST, , ,C,119,T,0,0, , ,0,0,0, ,0, , ,04/07/1980,2020,34.78,-92.55, , ,"","",493
9981346,PERRY CO., ,04/07/1980,2030,Hail,1.75, ,0,0,0,0,AR,CST, , ,C,105,T,0,0, , ,0,0,0, ,0, , ,04/07/1980,2030,34.97,-93.10, , ,"","",494
9981347,LONOKE CO., ,04/07/1980,2040,Tornado,0,F1,0,0,25000,0,AR,CST, , ,C,85, ,0,0, , ,.1,27,0, ,0, , ,04/07/1980,2040,34.92,-91.97, , ,"","",495
9981348,FAULKNER CO., ,04/07/1980,2041,Hail,1.75, ,0,0,0,0,AR,CST, , ,C,45,T,0,0, , ,0,0,0, ,0, , ,04/07/1980,2041,35.08,-92.45, , ,"","",496
9981349,WHITE CO., ,04/07/1980,2100,Tornado,0,F1,0,0,25000,0,AR,CST, , ,C,145, ,0,0, , ,2.8,77,0, ,0, , ,04/07/1980,2100,35.27,-91.53, , ,"","",497
9981350,PULASKI CO., ,04/07/1980,2120,Tornado,0,F2,0,0,250000,0,AR,CST, , ,C,119, ,0,0, , ,7.6,100,0, ,0, , ,04/07/1980,2120,34.87,-92.20,34.87,-92.07,"","",498
9981351,PULASKI CO., ,04/07/1980,2121,Hail,1.50, ,0,0,0,0,AR,CST, , ,C,119,T,0,0, , ,0,0,0, ,0, , ,04/07/1980,2121,34.73,-92.28, , ,"","",499
9981352,PULASKI CO., ,04/07/1980,2121,Thunderstorm Wind,0, ,0,0,0,0,AR,CST, , ,C,119,ATA,0,0, , ,0,0,0, ,0, , ,04/07/1980,2121,34.73,-92.28, , ,"","",500
